id,title,release_date,release_year,decade,primary_genre,genres,original_language,popularity,vote_average,vote_count,log_popularity,log_vote_count,movie_age,is_english,num_genres,decade_start,primary_genre_grouped,genre_Action,genre_Adventure,genre_Animation,genre_Comedy,genre_Crime,genre_Drama,genre_Horror,genre_Other,genre_Romance,genre_Science Fiction,genre_Thriller
969681,Spider-Man: Brand New Day,2026-07-29,2026,2020s,Science Fiction,Science Fiction|Action|Adventure,en,1875.3748,7.886,1969,7.537096896391833,7.585788821732034,0,1,3,2020,Science Fiction,0,0,0,0,0,0,0,0,0,1,0
1368337,The Odyssey,2026-07-15,2026,2020s,Adventure,Adventure|Action|Fantasy,en,728.3957,7.986,2985,6.592216383100828,8.001689978099135,0,1,3,2020,Adventure,0,1,0,0,0,0,0,0,0,0,0
1084244,Toy Story 5,2026-06-17,2026,2020s,Animation,Animation|Family|Comedy|Adventure,en,404.7642,7.9,1193,6.005772202701608,7.085064293952548,0,1,4,2020,Animation,0,0,1,0,0,0,0,0,0,0,0
634649,Spider-Man: No Way Home,2021-12-15,2021,2020s,Action,Action|Adventure|Science Fiction,en,386.8832,7.941,22765,5.960704263376534,10.033023473885162,5,1,3,2020,Action,1,0,0,0,0,0,0,0,0,0,0
1375646,Colony,2026-05-21,2026,2020s,Action,Action|Horror|Science Fiction,ko,292.2132,8.096,553,5.680899989462953,6.317164686747284,0,0,3,2020,Action,1,0,0,0,0,0,0,0,0,0,0
1315772,Minions & Monsters,2026-06-24,2026,2020s,Adventure,Adventure|Animation|Comedy|Family|Fantasy,en,264.2694,7.499,763,5.580745913368139,6.638567789166521,0,1,5,2020,Adventure,0,1,0,0,0,0,0,0,0,0,0
1339713,Obsession,2026-05-13,2026,2020s,Horror,Horror|Thriller,en,232.9651,8.2,4860,5.45517195893529,8.488999457045455,0,1,2,2020,Horror,0,0,0,0,0,0,1,0,0,0,0
1284041,The Last House,2026-08-06,2026,2020s,Horror,Horror|Science Fiction|Thriller,en,218.8879,6.917,903,5.3931178710354155,6.806829360392176,0,1,3,2020,Horror,0,0,0,0,0,0,1,0,0,0,0
1284465,The Death of Robin Hood,2026-06-18,2026,2020s,Adventure,Adventure|Drama|Action,en,204.5826,6.289,232,5.325847899649466,5.4510384535657,0,1,3,2020,Adventure,0,1,0,0,0,0,0,0,0,0,0
1101383,The End of Oak Street,2026-08-12,2026,2020s,Science Fiction,Science Fiction|Mystery|Thriller,en,202.1509,6.463,268,5.313949052647895,5.594711379601839,0,1,3,2020,Science Fiction,0,0,0,0,0,0,0,0,0,1,0
1108427,Moana,2026-07-08,2026,2020s,Family,Family|Fantasy|Comedy|Adventure,en,194.8449,6.041,209,5.2773230194357925,5.3471075307174685,0,1,4,2020,Other,0,0,0,0,0,0,0,1,0,0,0
1275779,Disclosure Day,2026-06-10,2026,2020s,Science Fiction,Science Fiction|Thriller,en,167.6166,7.458,2911,5.127627498609589,7.976595409316577,0,1,2,2020,Science Fiction,0,0,0,0,0,0,0,0,0,1,0
1212763,Evil Dead Burn,2026-07-07,2026,2020s,Horror,Horror,en,153.2715,7.9,1184,5.038714037189127,7.077498053569231,0,1,1,2020,Horror,0,0,0,0,0,0,1,0,0,0,0
82023,Hotel Desire,2011-12-07,2011,2010s,Drama,Drama|Romance,de,138.4892,6.171,155,4.937987178909549,5.049856007249537,15,0,2,2010,Drama,0,0,0,0,0,1,0,0,0,0,0
1081003,Supergirl,2026-06-24,2026,2020s,Action,Action|Adventure|Science Fiction,en,131.9168,6.749,1957,4.889723368565238,7.579678823090456,0,1,3,2020,Action,1,0,0,0,0,0,0,0,0,0,0
1083381,Backrooms,2026-05-27,2026,2020s,Horror,Horror|Mystery|Science Fiction,en,131.004,7.1,2859,4.8828322251575464,7.958576903813898,0,1,3,2020,Horror,0,0,0,0,0,0,1,0,0,0,0
687163,Project Hail Mary,2026-03-15,2026,2020s,Science Fiction,Science Fiction|Adventure,en,125.0677,8.7,7196,4.836819064243966,8.881419551507804,0,1,2,2020,Science Fiction,0,0,0,0,0,0,0,0,0,1,0
1273221,Scary Movie,2026-06-03,2026,2020s,Comedy,Comedy,en,121.2712,6.432,1675,4.806241528453239,7.424165281042028,0,1,1,2020,Comedy,0,0,0,1,0,0,0,0,0,0,0
1307118,Soulm8te,2026-07-31,2026,2020s,Horror,Horror|Science Fiction|Thriller,en,120.8394,7.237,215,4.802703784083645,5.375278407684165,0,1,3,2020,Horror,0,0,0,0,0,0,1,0,0,0,0
315635,Spider-Man: Homecoming,2017-07-05,2017,2010s,Action,Action|Adventure|Science Fiction,en,118.0399,7.333,23699,4.779458731030665,10.073230327123223,9,1,3,2010,Action,1,0,0,0,0,0,0,0,0,0,0
1612018,Jackass: Best and Last,2026-06-25,2026,2020s,Action,Action|Comedy|Documentary,en,106.9577,7.518,165,4.681739483736131,5.111987788356544,0,1,3,2020,Action,1,0,0,0,0,0,0,0,0,0,0
980431,Avatar Aang: The Last Airbender,2026-07-24,2026,2020s,Animation,Animation|Action|Adventure|Fantasy,en,105.1595,9.227,913,4.664942680140969,6.81783057145415,0,1,4,2020,Animation,0,0,1,0,0,0,0,0,0,0,0
454639,Masters of the Universe,2026-06-03,2026,2020s,Action,Action|Fantasy|Science Fiction,en,102.6947,7.174,1873,4.641451004961197,7.535830462798367,0,1,3,2020,Action,1,0,0,0,0,0,0,0,0,0,0
1481343,The Devil's Mouth,2026-07-29,2026,2020s,Horror,Horror|Thriller,en,102.3229,6.579,662,4.6378590359715615,6.4967749901858625,0,1,2,2020,Horror,0,0,0,0,0,0,1,0,0,0,0
1523145,Your Heart Will Be Broken,2026-03-26,2026,2020s,Romance,Romance,ru,98.4879,7.1,121,4.600036028729488,4.804021044733257,0,0,1,2020,Romance,0,0,0,0,0,0,0,0,1,0,0
557,Spider-Man,2002-05-01,2002,2000s,Action,Action|Science Fiction,en,97.8961,7.347,21202,4.594069804079648,9.96189796008255,24,1,2,2000,Action,1,0,0,0,0,0,0,0,0,0,0
1698863,The Odyssey,2026-07-03,2026,2020s,Adventure,Adventure|Fantasy|Action,en,97.7987,4.052,281,4.59308444677252,5.641907070938114,0,1,3,2020,Adventure,0,1,0,0,0,0,0,0,0,0,0
1311031,Demon Slayer: Kimetsu no Yaiba Infinity Castle,2025-07-18,2025,2020s,Animation,Animation|Action|Fantasy,ja,92.3438,8.731,1901,4.5362894510707426,7.550661243105336,1,0,3,2020,Animation,0,0,1,0,0,0,0,0,0,0,0
755898,War of the Worlds,2025-07-29,2025,2020s,Science Fiction,Science Fiction|Thriller,en,92.1634,4.061,1084,4.5343549407005295,6.98933526597456,1,1,2,2020,Science Fiction,0,0,0,0,0,0,0,0,0,1,0
950028,The Invite,2026-06-25,2026,2020s,Comedy,Comedy|Drama|Romance,en,91.2691,7.379,280,4.524709307560018,5.638354669333745,0,1,3,2020,Comedy,0,0,0,1,0,0,0,0,0,0,0
299536,Avengers: Infinity War,2018-04-25,2018,2010s,Adventure,Adventure|Action|Science Fiction,en,89.5614,8.241,32630,4.506028073699336,10.39301803576196,8,1,3,2010,Adventure,0,1,0,0,0,0,0,0,0,0,0
278,The Shawshank Redemption,1994-09-23,1994,1990s,Drama,Drama|Crime,en,87.6812,8.7,31090,4.485047916456286,10.344673667218705,32,1,2,1990,Drama,0,0,0,0,0,1,0,0,0,0,0
441168,From Straight A's to XXX,2017-02-11,2017,2010s,Drama,Drama|TV Movie,en,87.6188,5.9,167,4.484344024718255,5.123963979403259,9,1,2,2010,Drama,0,0,0,0,0,1,0,0,0,0,0
1564614,Leviticus,2026-06-17,2026,2020s,Horror,Horror|Romance,en,87.491,6.747,393,4.482900851927351,5.976350909297934,0,1,2,2020,Horror,0,0,0,0,0,0,1,0,0,0,0
83533,Avatar: Fire and Ash,2025-12-17,2025,2020s,Science Fiction,Science Fiction|Adventure|Fantasy,en,86.9289,7.645,4163,4.476528533361563,8.33423142973486,1,1,3,2020,Science Fiction,0,0,0,0,0,0,0,0,0,1,0
1280738,The Furious,2026-06-10,2026,2020s,Action,Action|Crime|Thriller,zh,86.4293,8.108,571,4.470830466755624,6.349138991379798,0,0,3,2020,Action,1,0,0,0,0,0,0,0,0,0,0
1493400,Camp Rock 3,2026-08-13,2026,2020s,Music,Music|Comedy|Drama|TV Movie,en,81.6613,6.343,70,4.414751536034681,4.2626798770413155,0,1,4,2020,Other,0,0,0,0,0,0,0,1,0,0,0
936075,Michael,2026-04-22,2026,2020s,Music,Music|Drama,en,78.3949,8.67,4090,4.374434134452108,8.316544717929398,0,1,2,2020,Other,0,0,0,0,0,0,0,1,0,0,0
24428,The Avengers,2012-04-25,2012,2010s,Science Fiction,Science Fiction|Action|Adventure,en,76.4139,8.067,39317,4.349166351035253,10.579437708267552,14,1,3,2010,Science Fiction,0,0,0,0,0,0,0,0,0,1,0
1314481,The Devil Wears Prada 2,2026-04-29,2026,2020s,Comedy,Comedy|Drama,en,73.7744,7.069,2118,4.314475580411602,7.6586995582682995,0,1,2,2020,Comedy,0,0,0,1,0,0,0,0,0,0,0
1930,The Amazing Spider-Man,2012-06-23,2012,2010s,Action,Action|Adventure|Science Fiction,en,72.2394,6.754,18945,4.293733527528079,9.84934810643548,14,1,3,2010,Action,1,0,0,0,0,0,0,0,0,0,0
5721,Vixen!,1968-10-15,1968,1960s,Drama,Drama,en,71.9312,5.486,108,4.2895165309948755,4.6913478822291435,58,1,1,1960,Drama,0,0,0,0,0,1,0,0,0,0,0
1569947,The Priest: Thanksgiving Massacre,2025-08-08,2025,2020s,Horror,Horror,en,71.0066,3.429,56,4.27675778148159,4.04305126783455,1,1,1,2020,Horror,0,0,0,0,0,0,1,0,0,0,0
1439930,The Punisher: One Last Kill,2026-05-12,2026,2020s,Action,Action|Drama|Crime,en,70.251,8.289,2094,4.266208854137989,7.647308832356238,0,1,3,2020,Action,1,0,0,0,0,0,0,0,0,0,0
1630409,The Debt Collector,2026-07-20,2026,2020s,Action,Action|Thriller|Crime,th,69.6725,8.0,109,4.2580565297668835,4.700480365792417,0,0,3,2020,Action,1,0,0,0,0,0,0,0,0,0,0
1084242,Zootopia 2,2025-11-26,2025,2020s,Animation,Animation|Adventure|Comedy|Mystery|Family,en,69.3044,7.677,3298,4.25283438576271,8.101374671228582,1,1,5,2020,Animation,0,0,1,0,0,0,0,0,0,0,0
1127384,Deep Water,2026-04-30,2026,2020s,Horror,Horror|Thriller,en,68.7426,7.132,406,4.244811321883231,6.008813185442595,0,1,2,2020,Horror,0,0,0,0,0,0,1,0,0,0,0
157336,Interstellar,2014-11-05,2014,2010s,Adventure,Adventure|Drama|Science Fiction,en,67.3846,8.485,40822,4.225147653080464,10.617000927048924,12,1,3,2010,Adventure,0,1,0,0,0,0,0,0,0,0,0
1110034,Kraken,2026-02-06,2026,2020s,Horror,Horror|Action|Thriller,no,67.1642,6.3,279,4.221919500340953,5.634789603169249,0,0,3,2020,Horror,0,0,0,0,0,0,1,0,0,0,0
1668364,Desire,2026-05-07,2026,2020s,Mystery,Mystery|Drama,es,65.9462,6.776,232,4.203889311751136,5.4510384535657,0,0,2,2020,Other,0,0,0,0,0,0,0,1,0,0,0
429617,Spider-Man: Far From Home,2019-06-28,2019,2010s,Action,Action|Adventure|Science Fiction,en,64.9587,7.394,17440,4.189028788582681,9.766579035268668,7,1,3,2010,Action,1,0,0,0,0,0,0,0,0,0,0
299534,Avengers: Endgame,2019-04-24,2019,2010s,Adventure,Adventure|Science Fiction|Action,en,64.8006,8.24,28383,4.186628956830732,10.253580885109306,7,1,3,2010,Adventure,0,1,0,0,0,0,0,0,0,0,0
27205,Inception,2010-07-15,2010,2010s,Action,Action|Science Fiction|Adventure,en,64.5184,8.373,39943,4.182331019222221,10.595233752180444,16,1,3,2010,Action,1,0,0,0,0,0,0,0,0,0,0
1228710,The Mandalorian and Grogu,2026-05-20,2026,2020s,Action,Action|Adventure|Science Fiction,en,64.3935,7.51,1316,4.180422865144596,7.183111701743281,0,1,3,2020,Action,1,0,0,0,0,0,0,0,0,0,0
559,Spider-Man 3,2007-05-01,2007,2000s,Action,Action|Adventure|Science Fiction,en,62.7649,6.475,15612,4.155202882219184,9.65585917954152,19,1,3,2000,Action,1,0,0,0,0,0,0,0,0,0,0
569094,Spider-Man: Across the Spider-Verse,2023-05-31,2023,2020s,Animation,Animation|Action|Adventure|Science Fiction,en,62.344,8.344,9058,4.1485801903637745,9.111514017669288,3,1,4,2020,Animation,0,0,1,0,0,0,0,0,0,0,0
155,The Dark Knight,2008-07-16,2008,2000s,Action,Action|Crime|Thriller,en,61.6543,8.534,36450,4.137632314262124,10.503724171902725,18,1,3,2000,Action,1,0,0,0,0,0,0,0,0,0,0
1226863,The Super Mario Galaxy Movie,2026-04-01,2026,2020s,Family,Family|Comedy|Adventure|Fantasy|Animation,en,59.8156,8.242,3496,4.107846335008741,8.159660737063376,0,1,5,2020,Other,0,0,0,0,0,0,0,1,0,0,0
1419406,The Shadow's Edge,2025-08-16,2025,2020s,Action,Action|Crime|Drama|Thriller,zh,58.8439,8.12,1229,4.0917395053392935,7.114769448366463,1,0,4,2020,Action,1,0,0,0,0,0,0,0,0,0,0
238,The Godfather,1972-03-14,1972,1970s,Drama,Drama|Crime,en,58.7501,8.685,23384,4.090170864450387,10.059850070159987,54,1,2,1970,Drama,0,0,0,0,0,1,0,0,0,0,0
931285,Mortal Kombat II,2026-05-06,2026,2020s,Action,Action|Fantasy|Adventure,en,58.1276,7.87,2395,4.079697820475262,7.78155595923534,0,1,3,2020,Action,1,0,0,0,0,0,0,0,0,0,0
822119,Captain America: Brave New World,2025-02-12,2025,2020s,Action,Action|Thriller|Science Fiction,en,57.2012,5.945,3297,4.063905973081534,8.101071503119543,1,1,3,2020,Action,1,0,0,0,0,0,0,0,0,0,0
1698856,Master of the Universe,2026-05-22,2026,2020s,Science Fiction,Science Fiction|Action|Fantasy,en,56.913,5.0,72,4.058941884420152,4.290459441148391,0,1,3,2020,Science Fiction,0,0,0,0,0,0,0,0,0,1,0
324857,Spider-Man: Into the Spider-Verse,2018-12-06,2018,2010s,Animation,Animation|Action|Adventure|Science Fiction,en,56.6372,8.4,17672,4.054168192574581,9.779793330189797,8,1,4,2010,Animation,0,0,1,0,0,0,0,0,0,0,0
1290821,Shelter,2026-01-28,2026,2020s,Action,Action|Crime|Thriller,en,55.3851,7.784,1721,4.032204939204005,7.451241684987676,0,1,3,2020,Action,1,0,0,0,0,0,0,0,0,0,0
533535,Deadpool & Wolverine,2024-07-24,2024,2020s,Action,Action|Comedy|Science Fiction,en,53.7189,7.585,9220,4.002209170773059,9.129238770539141,2,1,3,2020,Action,1,0,0,0,0,0,0,0,0,0,0
102382,The Amazing Spider-Man 2,2014-04-16,2014,2010s,Action,Action|Adventure|Science Fiction,en,53.6519,6.555,14606,4.000983980715364,9.589256144850811,12,1,3,2010,Action,1,0,0,0,0,0,0,0,0,0,0
1184918,The Wild Robot,2024-09-12,2024,2020s,Family,Family|Animation|Science Fiction|Adventure,en,53.5193,8.3,6466,3.9985547674208886,8.774467601446593,2,1,4,2020,Other,0,0,0,0,0,0,0,1,0,0,0
1327819,Hoppers,2026-03-04,2026,2020s,Adventure,Adventure|Animation|Comedy|Family|Science Fiction,en,52.0204,8.2,2206,3.9706767451553184,7.699389406256737,0,1,5,2020,Adventure,0,1,0,0,0,0,0,0,0,0,0
271110,Captain America: Civil War,2016-04-27,2016,2010s,Adventure,Adventure|Action|Science Fiction,en,50.2016,7.451,24400,3.935770781557191,10.102379394048045,10,1,3,2010,Adventure,0,1,0,0,0,0,0,0,0,0,0
617126,The Fantastic 4: First Steps,2025-07-23,2025,2020s,Science Fiction,Science Fiction|Adventure|Action,en,50.0045,6.948,3726,3.931913864125939,8.223358899479258,1,1,3,2020,Science Fiction,0,0,0,0,0,0,0,0,0,1,0
99861,Avengers: Age of Ultron,2015-04-22,2015,2010s,Action,Action|Adventure|Science Fiction,en,49.9346,7.276,24846,3.930542456865027,10.120492299890929,11,1,3,2010,Action,1,0,0,0,0,0,0,0,0,0,0
1007757,Swapped,2026-05-01,2026,2020s,Adventure,Adventure|Animation|Family|Fantasy,en,49.9344,8.88,2113,3.930538530253398,7.656337166430183,0,1,4,2020,Adventure,0,1,0,0,0,0,0,0,0,0,0
122,The Lord of the Rings: The Return of the King,2003-12-17,2003,2000s,Adventure,Adventure|Fantasy|Action,en,48.7188,8.504,27129,3.9063831311943744,10.208395405652977,23,1,3,2000,Adventure,0,1,0,0,0,0,0,0,0,0,0
803796,KPop Demon Hunters,2025-06-20,2025,2020s,Fantasy,Fantasy|Music|Comedy|Animation,en,47.7806,8.001,3123,3.8873326928351295,8.046869510959576,1,1,4,2020,Other,0,0,0,0,0,0,0,1,0,0,0
1242898,Predator: Badlands,2025-11-05,2025,2020s,Action,Action|Science Fiction|Adventure,en,46.8654,7.827,3510,3.8683929052003356,8.163656176168432,1,1,3,2020,Action,1,0,0,0,0,0,0,0,0,0,0
1234821,Jurassic World Rebirth,2025-06-23,2025,2020s,Science Fiction,Science Fiction|Adventure|Action,en,46.4419,6.257,3668,3.8595058044776858,8.207674424355282,1,1,3,2020,Science Fiction,0,0,0,0,0,0,0,0,0,1,0
1368166,The Housemaid,2025-12-18,2025,2020s,Mystery,Mystery|Thriller,en,46.1067,7.273,2891,3.85241524143651,7.969703583278656,1,1,2,2020,Other,0,0,0,0,0,0,0,1,0,0,0
1304313,Lee Cronin's The Mummy,2026-04-15,2026,2020s,Horror,Horror|Mystery,en,45.8463,7.899,2530,3.8468720301121304,7.836369760545124,0,1,2,2020,Horror,0,0,0,0,0,0,1,0,0,0,0
603,The Matrix,1999-03-31,1999,1990s,Action,Action|Science Fiction,en,45.7419,8.255,28509,3.8446409786910105,10.258010181906718,27,1,2,1990,Action,1,0,0,0,0,0,0,0,0,0,0
652,Troy,2004-05-13,2004,2000s,War,War|Action|History,en,45.1131,7.187,11400,3.831097074494419,9.34145634983372,22,1,3,2000,Other,0,0,0,0,0,0,0,1,0,0,0
671,Harry Potter and the Philosopher's Stone,2001-11-16,2001,2000s,Adventure,Adventure|Fantasy,en,44.1782,7.902,30043,3.8106146696087477,10.310418252805903,25,1,2,2000,Adventure,0,1,0,0,0,0,0,0,0,0,0
1726,Iron Man,2008-04-30,2008,2000s,Action,Action|Science Fiction|Adventure,en,43.6977,7.7,28615,3.799922046157011,10.261721280938854,18,1,3,2000,Action,1,0,0,0,0,0,0,0,0,0,0
872585,Oppenheimer,2023-07-19,2023,2020s,Drama,Drama|History,en,43.6388,8.023,12275,3.7986034359913057,9.415401415739627,3,1,2,2020,Drama,0,0,0,0,0,1,0,0,0,0,0
680,Pulp Fiction,1994-09-10,1994,1990s,Thriller,Thriller|Crime|Comedy,en,43.3272,8.48,30677,3.7915984841183104,10.331301064308054,32,1,3,1990,Thriller,0,0,0,0,0,0,0,0,0,0,1
840464,Greenland 2: Migration,2026-01-07,2026,2020s,Adventure,Adventure|Thriller|Science Fiction,en,42.8162,6.4,1464,3.7800036120136355,7.289610521451167,0,1,3,2020,Adventure,0,1,0,0,0,0,0,0,0,0,0
1413976,Citizen Vigilante,2026-06-19,2026,2020s,Thriller,Thriller|Action|Crime,en,42.7451,6.369,332,3.7783796065311552,5.808142489980444,0,1,3,2020,Thriller,0,0,0,0,0,0,0,0,0,0,1
361743,Top Gun: Maverick,2022-05-21,2022,2020s,Action,Action|Drama,en,42.637,8.16,11386,3.7759054143305635,9.340227632810604,4,1,2,2020,Action,1,0,0,0,0,0,0,0,0,0,0
550,Fight Club,1999-10-15,1999,1990s,Drama,Drama|Thriller,en,41.6317,8.437,32667,3.7525981080021853,10.394151284478166,27,1,2,1990,Drama,0,0,0,0,0,1,0,0,0,0,0
453395,Doctor Strange in the Multiverse of Madness,2022-05-04,2022,2020s,Fantasy,Fantasy|Action|Adventure,en,41.5926,7.226,10681,3.751680529265995,9.276315360899716,4,1,3,2020,Other,0,0,0,0,0,0,0,1,0,0,0
1724,The Incredible Hulk,2008-06-12,2008,2000s,Science Fiction,Science Fiction|Action|Adventure,en,41.2837,6.255,13008,3.7444016689990227,9.473396704601559,18,1,3,2000,Science Fiction,0,0,0,0,0,0,0,0,0,1,0
986056,Thunderbolts*,2025-04-30,2025,2020s,Action,Action|Science Fiction|Adventure,en,41.1914,7.299,3907,3.742216408804469,8.270781013162674,1,1,3,2020,Action,1,0,0,0,0,0,0,0,0,0,0
693134,Dune: Part Two,2024-02-27,2024,2020s,Science Fiction,Science Fiction|Adventure,en,41.0533,8.133,8402,3.738937861342098,9.036344063928219,2,1,2,2020,Science Fiction,0,0,0,0,0,0,0,0,0,1,0
120,The Lord of the Rings: The Fellowship of the Ring,2001-12-18,2001,2000s,Adventure,Adventure|Fantasy|Action,en,40.7097,8.442,28142,3.730733715663208,10.245053934794061,25,1,3,2000,Adventure,0,1,0,0,0,0,0,0,0,0,0
98,Gladiator,2000-05-04,2000,2000s,Action,Action|Drama|Adventure,en,40.0456,8.23,21306,3.7146836437954693,9.966790936205367,26,1,3,2000,Action,1,0,0,0,0,0,0,0,0,0,0
105,Back to the Future,1985-07-03,1985,1980s,Adventure,Adventure|Comedy|Science Fiction,en,39.2685,8.328,22211,3.6955695255974796,10.008387962361498,41,1,3,1980,Adventure,0,1,0,0,0,0,0,0,0,0,0
436969,The Suicide Squad,2021-07-28,2021,2020s,Action,Action|Comedy|Adventure,en,38.843,7.452,9797,3.6849467310862236,9.18993356219852,5,1,3,2020,Action,1,0,0,0,0,0,0,0,0,0,0
1301421,The Sheep Detectives,2026-04-30,2026,2020s,Comedy,Comedy|Family|Mystery,en,38.7013,7.924,1456,3.6813839327489593,7.284134806195205,0,1,3,2020,Comedy,0,0,0,1,0,0,0,0,0,0,0
284053,Thor: Ragnarok,2017-10-02,2017,2010s,Action,Action|Science Fiction|Comedy|Adventure,en,38.6435,7.582,22349,3.6799270002159106,10.014581600041716,9,1,4,2010,Action,1,0,0,0,0,0,0,0,0,0,0
14836,Coraline,2009-02-05,2009,2000s,Animation,Animation|Family|Fantasy,en,38.0787,7.93,9312,3.66557756152405,9.139166552521658,17,1,3,2000,Animation,0,0,1,0,0,0,0,0,0,0,0
1125257,Freakier Friday,2025-08-06,2025,2020s,Comedy,Comedy|Fantasy|Family,en,37.4321,6.779,784,3.6488930478925226,6.665683717782408,1,1,3,2020,Comedy,0,0,0,1,0,0,0,0,0,0,0
967941,Wicked: For Good,2025-11-19,2025,2020s,Fantasy,Fantasy|Adventure|Romance,en,37.1124,6.607,1112,3.6405396884998455,7.014814351275545,1,1,3,2020,Other,0,0,0,0,0,0,0,1,0,0,0
496243,Parasite,2019-05-30,2019,2010s,Comedy,Comedy|Thriller|Drama,ko,36.869,8.491,21128,3.6341328354388343,9.95840178341352,7,0,3,2010,Comedy,0,0,0,1,0,0,0,0,0,0,0
1497463,All That We Never Were,2026-06-04,2026,2020s,Drama,Drama|Romance,es,36.8448,8.047,75,3.6334935860332016,4.330733340286331,0,0,2,2020,Drama,0,0,0,0,0,1,0,0,0,0,0
1325734,The Drama,2026-04-01,2026,2020s,Romance,Romance|Comedy|Drama,en,36.8144,6.914,1602,3.6326899824625594,7.3796321526095525,0,1,3,2020,Romance,0,0,0,0,0,0,0,0,1,0,0
76341,Mad Max: Fury Road,2015-05-13,2015,2010s,Action,Action|Adventure|Science Fiction,en,36.7353,7.636,24436,3.6305959958841085,10.10385365616035,11,1,3,2010,Action,1,0,0,0,0,0,0,0,0,0,0
1122573,In the Grey,2026-05-13,2026,2020s,Action,Action|Thriller,en,36.4656,7.587,738,3.62342317863532,6.6052979209482015,0,1,2,2020,Action,1,0,0,0,0,0,0,0,0,0,0
13,Forrest Gump,1994-06-23,1994,1990s,Comedy,Comedy|Drama|Romance,en,36.4065,8.463,30251,3.6218444861110175,10.31731757697592,32,1,3,1990,Comedy,0,0,0,1,0,0,0,0,0,0,0
798645,The Running Man,2025-11-11,2025,2020s,Action,Action|Thriller|Science Fiction,en,36.4002,6.7,1883,3.6216760519997706,7.5411524551363085,1,1,3,2020,Action,1,0,0,0,0,0,0,0,0,0,0
1265609,War Machine,2026-02-12,2026,2020s,Action,Action|Science Fiction|Thriller,en,36.3923,7.44,2320,3.621464800870864,7.749753406274437,0,1,3,2020,Action,1,0,0,0,0,0,0,0,0,0,0
949838,72 HOURS,2026-07-20,2026,2020s,Comedy,Comedy|Crime,en,36.236,6.845,374,3.6172760352542435,5.926926025970411,0,1,2,2020,Comedy,0,0,0,1,0,0,0,0,0,0,0
597,Titanic,1997-12-18,1997,1990s,Drama,Drama|Romance,en,36.183,7.9,27568,3.6158516675803796,10.224447232050629,29,1,2,1990,Drama,0,0,0,0,0,1,0,0,0,0,0
1308767,Young Washington,2026-07-02,2026,2020s,History,History|War|Drama,en,36.1376,7.741,87,3.6146299334811625,4.477336814478207,0,1,3,2020,Other,0,0,0,0,0,0,0,1,0,0,0
121,The Lord of the Rings: The Two Towers,2002-12-18,2002,2000s,Adventure,Adventure|Fantasy|Action,en,35.9558,8.426,24393,3.6097226039527466,10.102092479403183,24,1,3,2000,Adventure,0,1,0,0,0,0,0,0,0,0,0
1318447,Apex,2026-04-24,2026,2020s,Action,Action|Thriller,en,35.9538,6.891,1824,3.609668483784311,7.509335266016592,0,1,2,2020,Action,1,0,0,0,0,0,0,0,0,0,0
976912,Graphic Desires,2023-08-31,2023,2020s,Thriller,Thriller|Crime,en,35.8934,6.972,144,3.6080326732601864,4.976733742420574,3,1,2,2020,Thriller,0,0,0,0,0,0,0,0,0,0,1
350,The Devil Wears Prada,2006-06-29,2006,2000s,Drama,Drama|Comedy,en,35.6688,7.439,14107,3.601926257249992,9.554497291355943,20,1,2,2000,Drama,0,0,0,0,0,1,0,0,0,0,0
1061474,Superman,2025-07-09,2025,2020s,Science Fiction,Science Fiction|Adventure|Action,en,35.5126,7.325,5301,3.597657406498195,8.57583938684897,1,1,3,2020,Science Fiction,0,0,0,0,0,0,0,0,0,1,0
424,Schindler's List,1993-12-15,1993,1990s,Drama,Drama|History|War,en,35.3747,8.57,17767,3.5938734780349657,9.785154365574263,33,1,3,1990,Drama,0,0,0,0,0,1,0,0,0,0,0
12444,Harry Potter and the Deathly Hallows: Part 1,2010-11-17,2010,2010s,Adventure,Adventure|Fantasy,en,35.2534,7.733,20682,3.590533170005834,9.937067385799324,16,1,2,2010,Adventure,0,1,0,0,0,0,0,0,0,0,0
354912,Coco,2017-10-27,2017,2010s,Family,Family|Animation|Music|Adventure,en,35.1674,8.197,21276,3.588158160604535,9.965381956073719,9,1,4,2010,Other,0,0,0,0,0,0,0,1,0,0,0
862,Toy Story,1995-11-22,1995,1990s,Family,Family|Comedy|Animation|Adventure,en,35.1485,7.986,20360,3.5876354539679496,9.921376585371869,31,1,4,1990,Other,0,0,0,0,0,0,0,1,0,0,0
1272837,28 Years Later: The Bone Temple,2026-01-14,2026,2020s,Horror,Horror|Thriller|Science Fiction,en,35.1051,7.095,1627,3.586434129598797,7.395107546562485,0,1,3,2020,Horror,0,0,0,0,0,0,1,0,0,0,0
1318621,Descendants: Wicked Wonderland,2026-07-16,2026,2020s,TV Movie,TV Movie|Family|Fantasy|Adventure,en,35.0617,7.6,155,3.5852313603134176,5.049856007249537,0,1,4,2020,Other,0,0,0,0,0,0,0,1,0,0,0
1382832,Hungry,2026-06-03,2026,2020s,Thriller,Thriller|Horror,en,34.9408,7.2,230,3.581873140428769,5.442417710521793,0,1,2,2020,Thriller,0,0,0,0,0,0,0,0,0,0,1
672,Harry Potter and the Chamber of Secrets,2002-11-13,2002,2000s,Adventure,Adventure|Fantasy,en,34.7417,7.707,23929,3.5763180743527254,10.082888180902419,24,1,2,2000,Adventure,0,1,0,0,0,0,0,0,0,0,0
911430,F1,2025-06-25,2025,2020s,Action,Action|Drama,en,34.7312,7.819,4495,3.5760242566938496,8.410943391573527,1,1,2,2020,Action,1,0,0,0,0,0,0,0,0,0,0
1168190,The Wrecking Crew,2026-01-28,2026,2020s,Action,Action|Comedy|Crime|Mystery,en,34.6719,7.072,1218,3.5743632640021166,7.105786129481271,0,1,4,2020,Action,1,0,0,0,0,0,0,0,0,0,0
129,Spirited Away,2001-07-20,2001,2000s,Animation,Animation|Family|Fantasy,ja,34.5587,8.534,18732,3.5711848520471876,9.838041953461058,25,0,3,2000,Animation,0,0,1,0,0,0,0,0,0,0,0
674,Harry Potter and the Goblet of Fire,2005-11-16,2005,2000s,Adventure,Adventure|Fantasy,en,34.3894,7.801,22513,3.566412340271861,10.02189261691475,21,1,2,2000,Adventure,0,1,0,0,0,0,0,0,0,0,0
246655,X-Men: Apocalypse,2016-05-18,2016,2010s,Science Fiction,Science Fiction|Fantasy|Action,en,34.3808,6.527,13994,3.566169300120997,9.546455401949554,10,1,3,2010,Science Fiction,0,0,0,0,0,0,0,0,0,1,0
76338,Thor: The Dark World,2013-10-30,2013,2010s,Action,Action|Adventure|Fantasy,en,34.2067,6.51,18604,3.5612364054006096,9.831185640780722,13,1,3,2010,Action,1,0,0,0,0,0,0,0,0,0,0
438631,Dune,2021-09-15,2021,2020s,Science Fiction,Science Fiction|Adventure,en,33.3156,7.783,15368,3.5356000612725764,9.640107772607312,5,1,2,2020,Science Fiction,0,0,0,0,0,0,0,0,0,1,0
950387,A Minecraft Movie,2025-03-31,2025,2020s,Family,Family|Fantasy|Comedy|Adventure,en,33.0716,6.233,3224,3.5284641927069655,8.078688229229872,1,1,4,2020,Other,0,0,0,0,0,0,0,1,0,0,0
284052,Doctor Strange,2016-10-25,2016,2010s,Fantasy,Fantasy|Adventure|Action,en,32.8967,7.424,23756,3.523317664515316,10.075632502878522,10,1,3,2010,Other,0,0,0,0,0,0,0,1,0,0,0
68718,Django Unchained,2012-12-25,2012,2010s,Drama,Drama|Western,en,32.8422,8.193,28433,3.521708544445177,10.255340891195644,14,1,2,2010,Drama,0,0,0,0,0,1,0,0,0,0,0
390062,Jungle,2017-06-27,2017,2010s,Adventure,Adventure|Drama|Thriller,en,32.6933,6.692,2208,3.517299004536001,7.700295203420117,9,1,3,2010,Adventure,0,1,0,0,0,0,0,0,0,0,0
1010581,My Fault,2023-06-08,2023,2020s,Drama,Drama|Romance|Thriller,es,32.5532,7.729,4170,3.5131322388991113,8.335911094196945,3,0,3,2020,Drama,0,0,0,0,0,1,0,0,0,0,0
673,Harry Potter and the Prisoner of Azkaban,2004-05-31,2004,2000s,Adventure,Adventure|Fantasy,en,32.5383,8.01,23507,3.5126880693621367,10.065096067732542,22,1,2,2000,Adventure,0,1,0,0,0,0,0,0,0,0,0
1297842,GOAT,2026-02-11,2026,2020s,Animation,Animation|Comedy|Family,en,32.4559,8.094,999,3.5102281536813322,6.907755278982137,0,1,3,2020,Animation,0,0,1,0,0,0,0,0,0,0,0
12445,Harry Potter and the Deathly Hallows: Part 2,2011-07-12,2011,2010s,Adventure,Adventure|Fantasy,en,32.4161,8.081,22312,3.509037819768802,10.012924747234504,15,1,2,2010,Adventure,0,1,0,0,0,0,0,0,0,0,0
857,Saving Private Ryan,1998-07-24,1998,1990s,War,War|Drama|History,en,32.3616,8.233,17625,3.507405537971119,9.777130363659605,28,1,3,1990,Other,0,0,0,0,0,0,0,1,0,0,0
933260,The Substance,2024-09-07,2024,2020s,Horror,Horror|Science Fiction,en,32.341,7.131,6336,3.5067878708740365,8.754160749323518,2,1,2,2020,Horror,0,0,0,0,0,0,1,0,0,0,0
447365,Guardians of the Galaxy Vol. 3,2023-05-03,2023,2020s,Science Fiction,Science Fiction|Adventure|Action,en,32.3326,7.934,8675,3.506535897077978,9.068315871946766,3,1,3,2020,Science Fiction,0,0,0,0,0,0,0,0,0,1,0
138843,The Conjuring,2013-07-18,2013,2010s,Horror,Horror|Thriller,en,32.2797,7.542,12969,3.5049476014893006,9.47039427731049,13,1,2,2010,Horror,0,0,0,0,0,0,1,0,0,0,0
807,Se7en,1995-09-22,1995,1990s,Crime,Crime|Mystery|Thriller,en,32.2119,8.38,23587,3.502908245435357,10.068493387120395,31,1,3,1990,Crime,0,0,0,0,1,0,0,0,0,0,0
1233413,Sinners,2025-04-16,2025,2020s,Horror,Horror|Action|Thriller,en,32.1756,7.504,5032,3.5018146659627867,8.52377150677636,1,1,3,2020,Horror,0,0,0,0,0,0,1,0,0,0,0
497,The Green Mile,1999-12-10,1999,1990s,Fantasy,Fantasy|Drama|Crime,en,32.0676,8.506,19647,3.4985539510308286,9.88573083094687,27,1,3,1990,Other,0,0,0,0,0,0,0,1,0,0,0
10138,Iron Man 2,2010-04-28,2010,2010s,Adventure,Adventure|Action|Science Fiction,en,32.0665,6.855,22759,3.4985206852874344,10.032759888240268,16,1,3,2010,Adventure,0,1,0,0,0,0,0,0,0,0,0
106646,The Wolf of Wall Street,2013-12-25,2013,2010s,Crime,Crime|Drama|Comedy,en,31.9467,8.026,26347,3.494891104187927,10.179147649760584,13,1,3,2010,Crime,0,0,0,0,1,0,0,0,0,0,0
335984,Blade Runner 2049,2017-10-04,2017,2010s,Science Fiction,Science Fiction|Drama,en,31.9129,7.6,15513,3.4938646781857194,9.649498121050817,9,1,2,2010,Science Fiction,0,0,0,0,0,0,0,0,0,1,0
240,The Godfather Part II,1974-12-20,1974,1970s,Drama,Drama|Crime,en,31.8998,8.6,14202,3.493466578725493,9.561208488881128,52,1,2,1970,Drama,0,0,0,0,0,1,0,0,0,0,0
11,Star Wars,1977-05-25,1977,1970s,Adventure,Adventure|Action|Science Fiction,en,31.8648,8.206,22694,3.49240217619573,10.029899914890565,49,1,3,1970,Adventure,0,1,0,0,0,0,0,0,0,0,0
539972,Kraven the Hunter,2024-12-11,2024,2020s,Action,Action|Adventure|Thriller,en,31.7254,6.42,2451,3.4881515347923093,7.804659297056102,2,1,3,2020,Action,1,0,0,0,0,0,0,0,0,0,0
385687,Fast X,2023-05-17,2023,2020s,Action,Action|Crime|Thriller,en,31.5313,6.984,6444,3.4822027027977307,8.771059915373288,3,1,3,2020,Action,1,0,0,0,0,0,0,0,0,0,0
324786,Hacksaw Ridge,2016-10-07,2016,2010s,Drama,Drama|History|War,en,31.2775,8.192,15157,3.474370393066737,9.626283724371975,10,1,3,2010,Drama,0,0,0,0,0,1,0,0,0,0,0
1218925,Chainsaw Man - The Movie: Reze Arc,2025-09-19,2025,2020s,Animation,Animation|Action|Romance|Fantasy,ja,30.679,8.5,1128,3.4556540007914536,7.029087564149662,1,0,4,2020,Animation,0,0,1,0,0,0,0,0,0,0,0
475557,Joker,2019-10-01,2019,2010s,Crime,Crime|Thriller|Drama,en,30.6379,8.119,28137,3.4543557690153395,10.244876254937159,7,1,3,2010,Crime,0,0,0,0,1,0,0,0,0,0,0
19995,Avatar,2009-12-16,2009,2000s,Science Fiction,Science Fiction|Action|Adventure,en,30.5197,7.609,34483,3.4506127471778867,10.448250727329816,17,1,3,2000,Science Fiction,0,0,0,0,0,0,0,0,0,1,0
10195,Thor,2011-04-21,2011,2010s,Adventure,Adventure|Fantasy|Action,en,30.456,6.772,22669,3.448589743964756,10.028797743501574,15,1,3,2010,Adventure,0,1,0,0,0,0,0,0,0,0,0
49026,The Dark Knight Rises,2012-07-17,2012,2010s,Action,Action|Crime|Drama|Thriller,en,30.454,7.797,24762,3.448526161068534,10.117105882625266,14,1,4,2010,Action,1,0,0,0,0,0,0,0,0,0,0
18,The Fifth Element,1997-05-02,1997,1990s,Science Fiction,Science Fiction|Action|Adventure,fr,30.4127,7.59,12024,3.4472122697416028,9.394743094973961,29,0,3,1990,Science Fiction,0,0,0,0,0,0,0,0,0,1,0
284054,Black Panther,2018-02-13,2018,2010s,Action,Action|Adventure|Science Fiction,en,30.3263,7.364,23816,3.4444580003200564,10.078154890393224,8,1,3,2010,Action,1,0,0,0,0,0,0,0,0,0,0
49018,Insidious,2011-03-31,2011,2010s,Horror,Horror|Thriller,en,30.3201,6.949,7486,3.4442600639655256,8.920923462230686,15,1,2,2010,Horror,0,0,0,0,0,0,1,0,0,0,0
13333,Game of Death,1978-03-23,1978,1970s,Drama,Drama|Action|Thriller,cn,30.1316,6.373,749,3.438223380498602,6.620073206530356,48,0,3,1970,Drama,0,0,0,0,0,1,0,0,0,0,0
675,Harry Potter and the Order of the Phoenix,2007-07-08,2007,2000s,Adventure,Adventure|Fantasy,en,30.1221,7.673,21113,3.437918177753264,9.95769160654964,19,1,2,2000,Adventure,0,1,0,0,0,0,0,0,0,0,0
1263532,Beast Race,2026-03-17,2026,2020s,Action,Action|Science Fiction|Thriller,pt,30.1107,6.738,86,3.4375518114600063,4.465908118654584,0,0,3,2020,Action,1,0,0,0,0,0,0,0,0,0,0
1022789,Inside Out 2,2024-06-11,2024,2020s,Animation,Animation|Adventure|Comedy|Family,en,30.1075,7.541,6901,3.437448947667649,8.839566503657949,2,1,4,2020,Animation,0,0,1,0,0,0,0,0,0,0,0
293660,Deadpool,2016-02-09,2016,2010s,Action,Action|Adventure|Comedy,en,30.0897,7.626,33135,3.4368765746191534,10.408375583635365,10,1,3,2010,Action,1,0,0,0,0,0,0,0,0,0,0
414906,The Batman,2022-03-01,2022,2020s,Crime,Crime|Mystery|Thriller,en,30.0853,7.668,12358,3.436735038631784,9.422139821589736,4,1,3,2020,Crime,0,0,0,0,1,0,0,0,0,0,0
863,Toy Story 2,1999-10-30,1999,1990s,Animation,Animation|Comedy|Family,en,30.0834,7.619,15232,3.4366739146256333,9.631219406136701,27,1,3,1990,Animation,0,0,1,0,0,0,0,0,0,0,0
767,Harry Potter and the Half-Blood Prince,2009-07-15,2009,2000s,Adventure,Adventure|Fantasy,en,29.9951,7.682,21081,3.433829127475505,9.956174874815135,17,1,2,2000,Adventure,0,1,0,0,0,0,0,0,0,0,0
10681,WALL·E,2008-06-26,2008,2000s,Animation,Animation|Family|Science Fiction,en,29.6431,8.12,20700,3.422407514689278,9.937937287265354,18,1,3,2000,Animation,0,0,1,0,0,0,0,0,0,0,0
372058,Your Name.,2016-07-01,2016,2010s,Animation,Animation|Romance|Drama,ja,29.6334,8.484,12883,3.422090916969727,9.46374151045109,10,0,3,2010,Animation,0,0,1,0,0,0,0,0,0,0,0
198663,The Maze Runner,2014-09-10,2014,2010s,Action,Action|Mystery|Science Fiction|Thriller,en,29.5589,7.191,18365,3.419655968886095,9.818256408173468,12,1,4,2010,Action,1,0,0,0,0,0,0,0,0,0,0
1171145,Crime 101,2026-02-11,2026,2020s,Crime,Crime|Thriller,en,29.2843,7.009,1292,3.410629426413101,7.164720378771857,0,1,2,2020,Crime,0,0,0,0,1,0,0,0,0,0,0
76600,Avatar: The Way of Water,2022-12-14,2022,2020s,Action,Action|Adventure|Science Fiction,en,29.1276,7.588,14519,3.4054416951405213,9.583282288378786,4,1,3,2020,Action,1,0,0,0,0,0,0,0,0,0,0
244786,Whiplash,2014-10-10,2014,2010s,Drama,Drama|Music|Thriller,en,29.1212,8.375,16952,3.405229242775526,9.738200088297953,12,1,3,2010,Drama,0,0,0,0,0,1,0,0,0,0,0
299537,Captain Marvel,2019-03-06,2019,2010s,Action,Action|Adventure|Science Fiction,en,29.1177,6.773,17026,3.4051130387942465,9.742555598420644,7,1,3,2010,Action,1,0,0,0,0,0,0,0,0,0,0
1100988,28 Years Later,2025-06-18,2025,2020s,Horror,Horror|Thriller|Science Fiction,en,29.1081,6.609,2833,3.404794238543148,7.949444420250626,1,1,3,2020,Horror,0,0,0,0,0,0,1,0,0,0,0
1380291,Tom Clancy's Jack Ryan: Ghost War,2026-05-20,2026,2020s,Action,Action|Thriller,en,29.0685,6.935,739,3.4034781121512876,6.606650186198215,0,1,2,2020,Action,1,0,0,0,0,0,0,0,0,0,0
122917,The Hobbit: The Battle of the Five Armies,2014-12-10,2014,2010s,Action,Action|Adventure|Fantasy,en,28.9334,7.339,15637,3.3989749138090564,9.65745912868446,12,1,3,2010,Action,1,0,0,0,0,0,0,0,0,0,0
489,Good Will Hunting,1997-12-05,1997,1990s,Drama,Drama,en,28.75,8.164,14168,3.392829131991639,9.558811758564227,29,1,1,1990,Drama,0,0,0,0,0,1,0,0,0,0,0
1305781,Blades of the Guardians,2026-02-17,2026,2020s,Action,Action|Adventure|Drama|Western,zh,28.6256,8.1,205,3.3886388524147595,5.327876168789581,0,0,4,2020,Action,1,0,0,0,0,0,0,0,0,0,0
22,Pirates of the Caribbean: The Curse of the Black Pearl,2003-07-09,2003,2000s,Adventure,Adventure|Fantasy|Action,en,28.5221,7.833,22614,3.3851391354134512,10.026368681911944,23,1,3,2000,Adventure,0,1,0,0,0,0,0,0,0,0,0
808,Shrek,2001-05-18,2001,2000s,Animation,Animation|Comedy|Fantasy|Adventure|Family,en,28.4389,7.776,19155,3.3823169290321844,9.8603712614625,25,1,5,2000,Animation,0,0,1,0,0,0,0,0,0,0,0
912649,Venom: The Last Dance,2024-10-22,2024,2020s,Science Fiction,Science Fiction|Action|Adventure,en,28.4012,6.671,4433,3.381035489838203,8.397057390176256,2,1,3,2020,Science Fiction,0,0,0,0,0,0,0,0,0,1,0
939243,Sonic the Hedgehog 3,2024-12-19,2024,2020s,Action,Action|Science Fiction|Comedy|Family,en,28.317,7.599,3411,3.378167552547464,8.13505390861157,2,1,4,2020,Action,1,0,0,0,0,0,0,0,0,0,0
616037,Thor: Love and Thunder,2022-07-06,2022,2020s,Fantasy,Fantasy|Action|Comedy,en,28.0741,6.359,8812,3.369847743497427,9.08398318309966,4,1,3,2020,Other,0,0,0,0,0,0,0,1,0,0,0
1054867,One Battle After Another,2025-09-23,2025,2020s,Thriller,Thriller|Crime|Comedy,en,28.0738,7.3,4110,3.369837424982055,8.321421586897879,1,1,3,2020,Thriller,0,0,0,0,0,0,0,0,0,0,1
283995,Guardians of the Galaxy Vol. 2,2017-04-25,2017,2010s,Science Fiction,Science Fiction|Adventure|Action,en,27.8366,7.609,23282,3.361645413650041,10.055478759522249,9,1,3,2010,Science Fiction,0,0,0,0,0,0,0,0,0,1,0
11324,Shutter Island,2010-02-14,2010,2010s,Drama,Drama|Thriller|Mystery,en,27.8018,8.197,26262,3.3604378851888566,10.175916383525095,16,1,3,2010,Drama,0,0,0,0,0,1,0,0,0,0,0
10193,Toy Story 3,2010-06-16,2010,2010s,Animation,Animation|Family|Comedy,en,27.7267,7.814,16083,3.357827003880942,9.685580268017164,16,1,3,2010,Animation,0,0,1,0,0,0,0,0,0,0,0
499546,We,2018-07-12,2018,2010s,Crime,Crime|Drama|History,nl,27.6192,5.387,119,3.3540778212568445,4.787491742782046,8,0,3,2010,Crime,0,0,0,0,1,0,0,0,0,0,0
1241982,Moana 2,2024-11-21,2024,2020s,Adventure,Adventure|Animation|Comedy|Family|Fantasy,en,27.4435,6.99,3228,3.347919663467107,8.079927770758275,2,1,5,2020,Adventure,0,1,0,0,0,0,0,0,0,0,0
497698,Black Widow,2021-07-07,2021,2020s,Action,Action|Adventure|Science Fiction,en,27.4257,7.155,11499,3.3472936655427024,9.350102314351341,5,1,3,2020,Action,1,0,0,0,0,0,0,0,0,0,0
109445,Frozen,2013-11-20,2013,2010s,Animation,Animation|Family|Adventure|Fantasy,en,27.3886,7.249,17799,3.345987656130518,9.786953736280177,13,1,4,2010,Animation,0,0,1,0,0,0,0,0,0,0,0
585,"Monsters, Inc.",2001-11-01,2001,2000s,Animation,Animation|Comedy|Family|Fantasy,en,27.2787,7.856,20112,3.342108871089168,9.909121651153221,25,1,4,2000,Animation,0,0,1,0,0,0,0,0,0,0,0
2062,Ratatouille,2007-06-28,2007,2000s,Animation,Animation|Comedy|Family|Fantasy,en,27.118,7.846,18803,3.3364099406577155,9.841824892144022,19,1,4,2000,Animation,0,0,1,0,0,0,0,0,0,0,0
502356,The Super Mario Bros. Movie,2023-04-05,2023,2020s,Family,Family|Comedy|Adventure|Fantasy|Animation,en,27.1023,7.596,11041,3.335851423523936,9.30946146284399,3,1,5,2020,Other,0,0,0,0,0,0,0,1,0,0,0
389,12 Angry Men,1957-04-10,1957,1950s,Drama,Drama,en,26.9569,8.6,10254,3.3306640385435298,9.235520670506482,69,1,1,1950,Drama,0,0,0,0,0,1,0,0,0,0,0
575265,Mission: Impossible - The Final Reckoning,2025-05-17,2025,2020s,Action,Action|Thriller|Adventure,en,26.9456,7.175,3054,3.330259763237277,8.024534871605695,1,1,3,2020,Action,1,0,0,0,0,0,0,0,0,0,0
1159559,Scream 7,2026-02-25,2026,2020s,Horror,Horror|Mystery|Crime,en,26.7503,6.236,1227,3.3232466509448177,7.113142108707088,0,1,3,2020,Horror,0,0,0,0,0,0,1,0,0,0,0
8587,The Lion King,1994-06-15,1994,1990s,Animation,Animation|Family|Drama,en,26.7414,8.252,20007,3.3229258822505336,9.903887472557455,32,1,3,1990,Animation,0,0,1,0,0,0,0,0,0,0,0
11036,The Notebook,2004-06-25,2004,2000s,Romance,Romance|Drama,en,26.7394,7.891,12773,3.322853785236761,9.455167134121535,22,1,2,2000,Romance,0,0,0,0,0,0,0,0,1,0,0
950396,The Gorge,2025-02-13,2025,2020s,Romance,Romance|Science Fiction|Thriller,en,26.7273,7.686,4098,3.3224174874151147,8.318498320504338,1,1,3,2020,Romance,0,0,0,0,0,0,0,0,1,0,0
1368314,Passenger,2026-05-20,2026,2020s,Horror,Horror|Thriller,en,26.7029,7.3,766,3.3215371008541426,6.642486801367256,0,1,2,2020,Horror,0,0,0,0,0,0,1,0,0,0,0
615656,Meg 2: The Trench,2023-08-02,2023,2020s,Action,Action|Science Fiction|Horror,en,26.7001,6.368,4063,3.3214360232950795,8.309922989258318,3,1,3,2020,Action,1,0,0,0,0,0,0,0,0,0,0
189,Sin City: A Dame to Kill For,2014-08-20,2014,2010s,Action,Action|Crime|Thriller,en,26.5213,6.401,4234,3.314960250321539,8.351138607086154,12,1,3,2010,Action,1,0,0,0,0,0,0,0,0,0,0
1487861,Elize: Shadows of a Woman,2026-07-22,2026,2020s,Thriller,Thriller|Crime|Drama,pt,26.4815,7.428,180,3.3135130510172717,5.198497031265826,0,0,3,2020,Thriller,0,0,0,0,0,0,0,0,0,0,1
207,Dead Poets Society,1989-06-02,1989,1980s,Drama,Drama,en,26.4393,8.3,12849,3.311976292328212,9.461099090323366,37,1,1,1980,Drama,0,0,0,0,0,1,0,0,0,0,0
20352,Despicable Me,2010-07-08,2010,2010s,Animation,Animation|Comedy|Crime|Science Fiction|Family,en,26.435,7.26,16289,3.311819570510939,9.69830670159609,16,1,5,2010,Animation,0,0,1,0,0,0,0,0,0,0,0
1078605,Weapons,2025-08-04,2025,2020s,Horror,Horror|Mystery,en,26.4265,7.255,3798,3.3115096992872934,8.242493153187626,1,1,2,2020,Horror,0,0,0,0,0,0,1,0,0,0,0
1266127,Ready or Not: Here I Come,2026-03-19,2026,2020s,Horror,Horror|Comedy,en,26.4084,7.583,1503,3.3108495357543113,7.315883504509785,0,1,2,2020,Horror,0,0,0,0,0,0,1,0,0,0,0
39254,Real Steel,2011-09-28,2011,2010s,Action,Action|Science Fiction|Drama,en,26.3205,7.134,9457,3.3076373361456586,9.15461622320382,15,1,3,2010,Action,1,0,0,0,0,0,0,0,0,0,0
280,Terminator 2: Judgment Day,1991-07-03,1991,1990s,Action,Action|Thriller|Science Fiction,en,26.2631,8.2,14676,3.3055341395386644,9.594036921611199,35,1,3,1990,Action,1,0,0,0,0,0,0,0,0,0,0
574475,Final Destination Bloodlines,2025-05-14,2025,2020s,Horror,Horror|Mystery,en,26.2426,7.032,3045,3.304781924597232,8.021584533455107,1,1,2,2020,Horror,0,0,0,0,0,0,1,0,0,0,0
12,Finding Nemo,2003-05-30,2003,2000s,Animation,Animation|Family|Adventure,en,25.9171,7.821,20837,3.292761772376275,9.94453352197213,23,1,3,2000,Animation,0,0,1,0,0,0,0,0,0,0,0
177572,Big Hero 6,2014-10-24,2014,2010s,Adventure,Adventure|Family|Animation|Action|Comedy,en,25.8693,7.726,16831,3.290984370929665,9.731037115537436,12,1,5,2010,Adventure,0,1,0,0,0,0,0,0,0,0,0
505642,Black Panther: Wakanda Forever,2022-11-09,2022,2020s,Action,Action|Adventure|Science Fiction,en,25.8012,6.997,7681,3.2884466626337936,8.94663520890585,4,1,3,2020,Action,1,0,0,0,0,0,0,0,0,0,0
769,GoodFellas,1990-09-12,1990,1990s,Drama,Drama|Crime,en,25.7452,8.45,14637,3.28635501798853,9.591376166161172,36,1,2,1990,Drama,0,0,0,0,0,1,0,0,0,0,0
218,The Terminator,1984-10-26,1984,1980s,Action,Action|Thriller|Science Fiction,en,25.6166,7.687,14959,3.281535081293469,9.613135251528469,42,1,3,1980,Action,1,0,0,0,0,0,0,0,0,0,0
4935,Howl's Moving Castle,2004-09-09,2004,2000s,Fantasy,Fantasy|Animation|Adventure,ja,25.5982,8.387,11321,3.280843544325059,9.334503014596605,22,0,3,2000,Other,0,0,0,0,0,0,0,1,0,0,0
38757,Tangled,2010-11-24,2010,2010s,Animation,Animation|Family|Adventure,en,25.5238,7.617,12619,3.278042443137369,9.443038136095204,16,1,3,2010,Animation,0,0,1,0,0,0,0,0,0,0,0
127585,X-Men: Days of Future Past,2014-05-15,2014,2010s,Action,Action|Adventure|Science Fiction,en,25.4537,7.535,16531,3.2753960350995435,9.713053175631623,12,1,3,2010,Action,1,0,0,0,0,0,0,0,0,0,0
1317288,Marty Supreme,2025-12-19,2025,2020s,Drama,Drama|Thriller,en,25.4495,7.368,2091,3.275237254533951,7.645875825184813,1,1,2,2020,Drama,0,0,0,0,0,1,0,0,0,0,0
68721,Iron Man 3,2013-04-18,2013,2010s,Action,Action|Adventure|Science Fiction,en,25.4458,6.933,23749,3.2750973555256824,10.075337809462788,13,1,3,2010,Action,1,0,0,0,0,0,0,0,0,0,0
1198994,Send Help,2026-01-22,2026,2020s,Horror,Horror|Thriller|Comedy,en,25.3723,7.041,2170,3.272314216887852,7.682943169878292,0,1,3,2020,Horror,0,0,0,0,0,0,1,0,0,0,0
259693,The Conjuring 2,2016-06-08,2016,2010s,Horror,Horror,en,25.3081,7.294,9343,3.269876876557013,9.142489705068009,10,1,1,2010,Horror,0,0,0,0,0,0,1,0,0,0,0
228150,Fury,2014-10-15,2014,2010s,War,War|Drama|Action,en,25.206,7.546,13139,3.2659883921823933,9.483416292038601,12,1,3,2010,Other,0,0,0,0,0,0,0,1,0,0,0
1156594,Our Fault,2025-10-15,2025,2020s,Romance,Romance|Drama,es,25.113,7.378,733,3.2624332746170293,6.598509028614515,1,0,2,2020,Romance,0,0,0,0,0,0,0,0,1,0,0
301528,Toy Story 4,2019-06-19,2019,2010s,Family,Family|Comedy|Animation|Adventure,en,25.017,7.463,10881,3.258750170511062,9.294865327045871,7,1,4,2010,Other,0,0,0,0,0,0,0,1,0,0,0
1632181,Accidental Partners,2026-03-12,2026,2020s,Comedy,Comedy|Romance,es,24.9852,8.891,357,3.2575271451789094,5.8805329864007,0,0,2,2020,Comedy,0,0,0,1,0,0,0,0,0,0,0
436270,Black Adam,2022-10-19,2022,2020s,Action,Action|Adventure|Science Fiction,en,24.9781,6.778,7184,3.2572538753887232,8.879750798513125,4,1,3,2020,Action,1,0,0,0,0,0,0,0,0,0,0
16869,Inglourious Basterds,2009-08-02,2009,2000s,Drama,Drama|Thriller|War,en,24.9678,8.217,24596,3.256857308955762,10.110379763264287,17,1,3,2000,Drama,0,0,0,0,0,1,0,0,0,0,0
37165,The Truman Show,1998-06-04,1998,1990s,Comedy,Comedy|Drama,en,24.942,8.156,20654,3.255863276918481,9.935712699830864,28,1,2,1990,Comedy,0,0,0,1,0,0,0,0,0,0,0
564,The Mummy,1999-04-16,1999,1990s,Adventure,Adventure|Action|Fantasy,en,24.8957,6.99,10294,3.2540769317560976,9.23941361946189,27,1,3,1990,Adventure,0,1,0,0,0,0,0,0,0,0,0
330457,Frozen II,2019-11-20,2019,2010s,Family,Family|Animation|Adventure|Comedy|Fantasy,en,24.8796,7.228,10416,3.2534550135627143,9.251194365984448,7,1,5,2010,Other,0,0,0,0,0,0,0,1,0,0,0
558,Spider-Man 2,2004-06-25,2004,2000s,Action,Action|Adventure|Science Fiction,en,24.6983,7.326,16752,3.246424841853386,9.726332625693532,22,1,3,2000,Action,1,0,0,0,0,0,0,0,0,0,0
216015,Fifty Shades of Grey,2015-02-11,2015,2010s,Drama,Drama|Romance|Thriller,en,24.671,5.862,12509,3.2453619501040274,9.434283603460957,11,1,3,2010,Drama,0,0,0,0,0,1,0,0,0,0,0
549509,The Brutalist,2024-12-20,2024,2020s,Drama,Drama,en,24.6365,6.936,1754,3.2440171172745327,7.470224135899966,2,1,1,2020,Drama,0,0,0,0,0,1,0,0,0,0,0
1288341,Seven Snipers,2026-04-30,2026,2020s,Action,Action|Thriller,en,24.6356,6.094,117,3.243982010462052,4.770684624465665,0,1,2,2020,Action,1,0,0,0,0,0,0,0,0,0,0
101,Léon: The Professional,1994-09-14,1994,1990s,Crime,Crime|Drama|Action,fr,24.6355,8.293,16375,3.243978109629029,9.703572127341126,32,0,3,1990,Crime,0,0,0,0,1,0,0,0,0,0,0
1422,The Departed,2006-10-04,2006,2000s,Drama,Drama|Thriller|Crime,en,24.6028,8.159,16500,3.2427017205045074,9.711176264112805,20,1,3,2000,Drama,0,0,0,0,0,1,0,0,0,0,0
102899,Ant-Man,2015-07-14,2015,2010s,Science Fiction,Science Fiction|Adventure|Action,en,24.5674,7.066,21127,3.2413181024749718,9.958354453976968,11,1,3,2010,Science Fiction,0,0,0,0,0,0,0,0,0,1,0
1124,The Prestige,2006-10-19,2006,2000s,Drama,Drama|Mystery|Science Fiction,en,24.5495,8.211,17956,3.2406177469866044,9.795735290041899,20,1,3,2000,Drama,0,0,0,0,0,1,0,0,0,0,0
1340206,Tuner,2026-05-21,2026,2020s,Crime,Crime|Drama|Thriller,en,24.4378,7.277,294,3.2362362567450633,5.68697535633982,0,1,3,2020,Crime,0,0,0,0,1,0,0,0,0,0,0
337167,Fifty Shades Freed,2018-01-17,2018,2010s,Drama,Drama|Romance,en,24.1657,6.669,8414,3.225481956253137,9.037771106624906,8,1,2,2010,Drama,0,0,0,0,0,1,0,0,0,0,0
150540,Inside Out,2015-06-17,2015,2010s,Animation,Animation|Family|Adventure|Drama|Comedy,en,24.1608,7.907,23765,3.2252872278291265,10.07601126684997,11,1,5,2010,Animation,0,0,1,0,0,0,0,0,0,0,0
411,"The Chronicles of Narnia: The Lion, the Witch and the Wardrobe",2005-12-07,2005,2000s,Adventure,Adventure|Family|Fantasy,en,24.1197,7.141,11692,3.2236523988535244,9.366745651140318,21,1,3,2000,Adventure,0,1,0,0,0,0,0,0,0,0,0
552524,Lilo & Stitch,2025-05-17,2025,2020s,Family,Family|Science Fiction|Comedy,en,24.115,7.185,2250,3.223465277202008,7.719129840906732,1,1,3,2020,Other,0,0,0,0,0,0,0,1,0,0,0
1430077,Hokum,2026-04-29,2026,2020s,Horror,Horror,en,23.9987,6.913,753,3.218823823516154,6.625392368007956,0,1,1,2020,Horror,0,0,0,0,0,0,1,0,0,0,0
1292415,Beast,2026-04-10,2026,2020s,Action,Action|Drama,en,23.9631,7.016,125,3.2173987345071535,4.836281906951478,0,1,2,2020,Action,1,0,0,0,0,0,0,0,0,0,0
383498,Deadpool 2,2018-05-15,2018,2010s,Action,Action|Comedy|Adventure,en,23.9279,7.489,19528,3.215987658127018,9.879655819282782,8,1,3,2010,Action,1,0,0,0,0,0,0,0,0,0,0
1062722,Frankenstein,2025-10-17,2025,2020s,Drama,Drama|Fantasy|Horror,en,23.8925,7.615,3734,3.214566553280102,8.225503097566918,1,1,3,2020,Drama,0,0,0,0,0,1,0,0,0,0,0
1613798,Vengeance,2026-02-26,2026,2020s,Action,Action|Thriller,es,23.8515,7.51,296,3.2129181128939535,5.6937321388027,0,0,2,2020,Action,1,0,0,0,0,0,0,0,0,0,0
269149,Zootopia,2016-02-11,2016,2010s,Animation,Animation|Adventure|Family|Comedy,en,23.7212,7.765,18410,3.2076611751006037,9.820703591057207,10,1,4,2010,Animation,0,0,1,0,0,0,0,0,0,0,0
762509,Mufasa: The Lion King,2024-12-18,2024,2020s,Adventure,Adventure|Family|Animation,en,23.6748,7.293,2743,3.205782479916889,7.917171988845776,2,1,3,2020,Adventure,0,1,0,0,0,0,0,0,0,0,0
713704,Evil Dead Rise,2023-04-12,2023,2020s,Horror,Horror|Thriller,en,23.5987,6.966,3926,3.202693596013488,8.27563105457801,3,1,2,2020,Horror,0,0,0,0,0,0,1,0,0,0,0
566525,Shang-Chi and the Legend of the Ten Rings,2021-09-01,2021,2020s,Action,Action|Adventure|Fantasy,en,23.5601,7.487,10626,3.2011231749318902,9.271153211372695,5,1,3,2020,Action,1,0,0,0,0,0,0,0,0,0,0
14160,Up,2009-05-28,2009,2000s,Animation,Animation|Comedy|Family|Adventure,en,23.5273,7.961,21974,3.1997867829094333,9.997660722553377,17,1,4,2000,Animation,0,0,1,0,0,0,0,0,0,0,0
1087891,The Amateur,2025-04-09,2025,2020s,Thriller,Thriller|Action,en,23.5271,6.909,1716,3.199778628696967,7.448333860897476,1,1,2,2020,Thriller,0,0,0,0,0,0,0,0,0,0,1
346698,Barbie,2023-07-19,2023,2020s,Comedy,Comedy|Adventure|Fantasy,en,23.4028,6.911,11433,3.194697879813769,9.344346651823917,3,1,3,2020,Comedy,0,0,0,1,0,0,0,0,0,0,0
10867,Malena,2000-10-27,2000,2000s,Drama,Drama,it,23.3353,7.555,2780,3.1919279711321744,7.930565854233965,26,0,1,2000,Drama,0,0,0,0,0,1,0,0,0,0,0
260514,Cars 3,2017-06-15,2017,2010s,Animation,Animation|Drama|Family,en,23.3302,6.863,6529,3.191718377065796,8.784162222270476,9,1,3,2010,Animation,0,0,1,0,0,0,0,0,0,0,0
58,Pirates of the Caribbean: Dead Man's Chest,2006-07-06,2006,2000s,Adventure,Adventure|Fantasy|Action,en,23.299,7.389,17460,3.1904351972363507,9.767725101522128,20,1,3,2000,Adventure,0,1,0,0,0,0,0,0,0,0,0
18785,The Hangover,2009-06-02,2009,2000s,Comedy,Comedy,en,23.1874,7.337,18391,3.185831836414529,9.819671066443018,17,1,1,2000,Comedy,0,0,0,1,0,0,0,0,0,0,0
614945,Voicemails for Isabelle,2026-06-20,2026,2020s,Romance,Romance|Comedy|Drama,en,23.1824,8.333,797,3.1856250958442636,6.682108597449809,0,1,3,2020,Romance,0,0,0,0,0,0,0,0,1,0,0
545611,Everything Everywhere All at Once,2022-03-24,2022,2020s,Action,Action|Adventure|Science Fiction,en,23.0574,7.7,8290,3.1804426415318923,9.022925868116218,4,1,3,2020,Action,1,0,0,0,0,0,0,0,0,0,0
578,Jaws,1975-06-20,1975,1970s,Horror,Horror|Thriller|Adventure,en,22.9979,7.684,11759,3.177966326519597,9.372459221452617,51,1,3,1970,Horror,0,0,0,0,0,0,1,0,0,0,0
603692,John Wick: Chapter 4,2023-03-21,2023,2020s,Action,Action|Thriller|Crime,en,22.9853,7.711,8190,3.177441142693191,9.010791269515602,3,1,3,2020,Action,1,0,0,0,0,0,0,0,0,0,0
348,Alien,1979-05-25,1979,1970s,Horror,Horror|Science Fiction,en,22.8943,8.172,16693,3.1736399367694648,9.722804652410682,47,1,2,1970,Horror,0,0,0,0,0,0,1,0,0,0,0
62,2001: A Space Odyssey,1968-04-02,1968,1960s,Science Fiction,Science Fiction|Mystery|Adventure,en,22.8202,8.0,12841,3.1705339601975306,9.460476328353995,58,1,3,1960,Science Fiction,0,0,0,0,0,0,0,0,0,1,0
604079,The Long Walk,2025-09-10,2025,2020s,Science Fiction,Science Fiction|Thriller|Horror,en,22.7869,6.861,1827,3.1691350089725727,7.510977752014095,1,1,3,2020,Science Fiction,0,0,0,0,0,0,0,0,0,1,0
1197306,A Working Man,2025-03-26,2025,2020s,Action,Action|Crime|Thriller,en,22.7247,6.683,2051,3.166516699526687,7.62657020629066,1,1,3,2020,Action,1,0,0,0,0,0,0,0,0,0,0
87101,Terminator Genisys,2015-06-23,2015,2010s,Science Fiction,Science Fiction|Action|Thriller,en,22.7239,5.958,9120,3.166482978826811,9.118334726180159,11,1,3,2010,Science Fiction,0,0,0,0,0,0,0,0,0,1,0
629,The Usual Suspects,1995-07-19,1995,1990s,Drama,Drama|Crime|Thriller,en,22.6807,8.2,11629,3.164660370389704,9.36134324551271,31,1,3,1990,Drama,0,0,0,0,0,1,0,0,0,0,0
1306368,The Rip,2026-01-13,2026,2020s,Action,Action|Thriller|Crime,en,22.6688,7.089,1846,3.1641577251558344,7.52131798019924,0,1,3,2020,Action,1,0,0,0,0,0,0,0,0,0,0
77,Memento,2000-10-11,2000,2000s,Mystery,Mystery|Thriller,en,22.6007,8.2,16602,3.161276372608634,9.717338680907787,26,1,2,2000,Other,0,0,0,0,0,0,0,1,0,0,0
1363387,Saccharine,2026-05-22,2026,2020s,Horror,Horror,en,22.591,6.78,134,3.160865283364695,4.90527477843843,0,1,1,2020,Horror,0,0,0,0,0,0,1,0,0,0,0
744275,After We Fell,2021-09-01,2021,2020s,Drama,Drama|Romance,en,22.5579,6.996,2771,3.159461220685067,7.927324360309794,5,1,2,2020,Drama,0,0,0,0,0,1,0,0,0,0,0
558449,Gladiator II,2024-11-13,2024,2020s,Action,Action|Adventure|Drama,en,22.508,6.6,4672,3.157340788750404,8.449556542700426,2,1,3,2020,Action,1,0,0,0,0,0,0,0,0,0,0
1072790,Anyone but You,2023-12-21,2023,2020s,Romance,Romance|Comedy,en,22.4742,6.754,3185,3.1559019457063893,8.066521490469993,3,1,2,2020,Romance,0,0,0,0,0,0,0,0,1,0,0
363088,Ant-Man and the Wasp,2018-07-04,2018,2010s,Action,Action|Adventure|Science Fiction,en,22.3992,6.898,14403,3.1527018337450436,9.575261224768767,8,1,3,2010,Action,1,0,0,0,0,0,0,0,0,0,0
91586,Insidious: Chapter 2,2013-09-12,2013,2010s,Horror,Horror|Thriller,en,22.394,6.688,4677,3.1524795792285154,8.450625947144124,13,1,2,2010,Horror,0,0,0,0,0,0,1,0,0,0,0
1151031,Bring Her Back,2025-05-19,2025,2020s,Horror,Horror,en,22.3736,7.331,1865,3.151607180332962,7.531552381407289,1,1,1,2020,Horror,0,0,0,0,0,0,1,0,0,0,0
1321008,Black Box,2026-06-25,2026,2020s,Horror,Horror|Thriller,en,22.3517,6.3,60,3.150669786603927,4.110873864173311,0,1,2,2020,Horror,0,0,0,0,0,0,1,0,0,0,0
205596,The Imitation Game,2014-11-14,2014,2010s,History,History|Drama|Thriller|War,en,22.2754,7.982,18309,3.1473970088371535,9.815202637668557,12,1,4,2010,Other,0,0,0,0,0,0,0,1,0,0,0
1316092,"""Wuthering Heights""",2026-02-11,2026,2020s,Romance,Romance|Drama,en,22.2712,6.646,1283,3.1472165445277773,7.157735484249907,0,1,2,2020,Romance,0,0,0,0,0,0,0,0,1,0,0
269955,Obsessed,2014-05-14,2014,2010s,Drama,Drama|Romance,ko,22.0647,6.7,82,3.138303310205057,4.418840607796598,12,0,2,2010,Drama,0,0,0,0,0,1,0,0,0,0,0
12153,White Chicks,2004-06-23,2004,2000s,Comedy,Comedy|Crime,en,22.0405,7.0,4691,3.137253536981108,8.453614209773367,22,1,2,2000,Comedy,0,0,0,1,0,0,0,0,0,0,0
1087192,How to Train Your Dragon,2025-06-06,2025,2020s,Fantasy,Fantasy|Family|Action|Adventure,en,21.9796,7.925,3052,3.134606865828733,8.023879992734878,1,1,4,2020,Other,0,0,0,0,0,0,0,1,0,0,0
604,The Matrix Reloaded,2003-05-15,2003,2000s,Adventure,Adventure|Action|Thriller|Science Fiction,en,21.9676,7.085,12200,3.134084527132454,9.409273194575334,23,1,4,2000,Adventure,0,1,0,0,0,0,0,0,0,0,0
181808,Star Wars: The Last Jedi,2017-12-13,2017,2010s,Adventure,Adventure|Action|Science Fiction,en,21.9261,6.743,16571,3.1322759995432023,9.715469803197292,9,1,3,2010,Adventure,0,1,0,0,0,0,0,0,0,0,0
447273,Snow White,2025-03-19,2025,2020s,Family,Family|Fantasy,en,21.8553,4.275,1710,3.1291830379281436,7.444833273892193,1,1,2,2020,Other,0,0,0,0,0,0,0,1,0,0,0
272,Batman Begins,2005-06-10,2005,2000s,Drama,Drama|Crime|Action,en,21.8259,7.729,22997,3.1278958561527417,10.04316253460861,21,1,3,2000,Drama,0,0,0,0,0,1,0,0,0,0,0
333339,Ready Player One,2018-03-28,2018,2010s,Adventure,Adventure|Action|Science Fiction,en,21.7921,7.588,17254,3.1264139846903696,9.755857235532103,8,1,3,2010,Adventure,0,1,0,0,0,0,0,0,0,0,0
2105,American Pie,1999-07-09,1999,1990s,Comedy,Comedy|Romance,en,21.7513,6.617,8485,3.1246222866215114,9.04617302576227,27,1,2,1990,Comedy,0,0,0,1,0,0,0,0,0,0,0
1175942,The Bad Guys 2,2025-07-24,2025,2020s,Family,Family|Comedy|Crime|Adventure|Animation|Action,en,21.733,7.616,877,3.1238176133172093,6.777646593635117,1,1,6,2020,Other,0,0,0,0,0,0,0,1,0,0,0
135397,Jurassic World,2015-06-06,2015,2010s,Adventure,Adventure|Science Fiction|Thriller|Action,en,21.7212,6.703,21823,3.1232984093595957,9.990765560643188,11,1,4,2010,Adventure,0,1,0,0,0,0,0,0,0,0,0
698687,Transformers One,2024-09-11,2024,2020s,Animation,Animation|Science Fiction|Adventure|Family,en,21.6557,7.977,1727,3.1204114758982158,7.454719949364001,2,1,4,2020,Animation,0,0,1,0,0,0,0,0,0,0,0
85,Raiders of the Lost Ark,1981-06-12,1981,1980s,Adventure,Adventure|Action,en,21.6333,7.926,13875,3.119422273141406,9.53791600808964,45,1,2,1980,Adventure,0,1,0,0,0,0,0,0,0,0,0
744,Top Gun,1986-05-16,1986,1980s,Action,Action|Drama|Romance,en,21.6332,7.071,9801,3.1194178548629883,9.190341725469493,40,1,3,1980,Action,1,0,0,0,0,0,0,0,0,0,0
10144,The Little Mermaid,1989-11-17,1989,1980s,Animation,Animation|Family|Fantasy,en,21.6285,7.353,8516,3.119210173754374,9.04981944514108,37,1,3,1980,Animation,0,0,1,0,0,0,0,0,0,0,0
402431,Wicked,2024-10-16,2024,2020s,Drama,Drama|Romance|Fantasy,en,21.6234,6.902,3183,3.1189847688532937,8.065893546964274,2,1,3,2020,Drama,0,0,0,0,0,1,0,0,0,0,0
9806,The Incredibles,2004-10-27,2004,2000s,Action,Action|Adventure|Animation|Family,en,21.6198,7.728,19171,3.1188256289159066,9.861206160279522,22,1,4,2000,Action,1,0,0,0,0,0,0,0,0,0,0
694,The Shining,1980-05-23,1980,1980s,Horror,Horror|Thriller,en,21.5811,8.201,19236,3.117113273212537,9.86459078690618,46,1,2,1980,Horror,0,0,0,0,0,0,1,0,0,0,0
49013,Cars 2,2011-06-11,2011,2010s,Animation,Animation|Family|Adventure|Comedy,en,21.5806,6.189,8625,3.1170911305562585,9.062536177207788,15,1,4,2010,Animation,0,0,1,0,0,0,0,0,0,0,0
1381027,Good Boy,2026-03-06,2026,2020s,Thriller,Thriller|Drama|Mystery,en,21.5334,7.2,232,3.114998652956314,5.4510384535657,0,1,3,2020,Thriller,0,0,0,0,0,0,0,0,0,0,1
285,Pirates of the Caribbean: At World's End,2007-05-19,2007,2000s,Adventure,Adventure|Fantasy|Action,en,21.4929,7.277,15723,3.1131997038566883,9.662943486541751,19,1,3,2000,Adventure,0,1,0,0,0,0,0,0,0,0,0
567609,Ready or Not,2019-08-21,2019,2010s,Horror,Horror|Comedy,en,21.4677,7.095,5777,3.112078722257739,8.661812881026181,7,1,2,2010,Horror,0,0,0,0,0,0,1,0,0,0,0
980477,Ne Zha 2,2025-01-29,2025,2020s,Animation,Animation|Action|Fantasy|Adventure,zh,21.3677,8.153,800,3.1076179539442905,6.68586094706836,1,0,4,2020,Animation,0,0,1,0,0,0,0,0,0,0,0
396535,Train to Busan,2016-07-20,2016,2010s,Action,Action|Horror|Thriller,ko,21.2938,7.754,8616,3.104308612903598,9.061492275239766,10,0,3,2010,Action,1,0,0,0,0,0,0,0,0,0,0
1234731,Anaconda,2025-12-24,2025,2020s,Adventure,Adventure|Comedy|Horror,en,21.2775,5.807,1388,3.1035772005047377,7.236339342754344,1,1,3,2020,Adventure,0,1,0,0,0,0,0,0,0,0,0
38365,Grown Ups,2010-06-24,2010,2010s,Comedy,Comedy,en,21.254,6.433,6825,3.102521767735509,8.828494129466652,16,1,1,2010,Comedy,0,0,0,1,0,0,0,0,0,0,0
679,Aliens,1986-07-18,1986,1980s,Action,Action|Thriller|Science Fiction,en,21.2358,7.965,11077,3.1017036026273157,9.31271643859305,40,1,3,1980,Action,1,0,0,0,0,0,0,0,0,0,0
1236153,Mercy,2026-01-19,2026,2020s,Science Fiction,Science Fiction|Action|Thriller,en,21.2297,7.076,1603,3.10142923260839,7.38025578842646,0,1,3,2020,Science Fiction,0,0,0,0,0,0,0,0,0,1,0
979,Irreversible,2002-05-22,2002,2000s,Drama,Drama|Thriller|Crime,fr,21.203,7.2,3389,3.100227414883439,8.128585200374497,24,0,3,2000,Drama,0,0,0,0,0,1,0,0,0,0,0
1891,The Empire Strikes Back,1980-05-20,1980,1980s,Adventure,Adventure|Action|Science Fiction,en,21.1432,8.392,18714,3.097530451615027,9.83708062033853,46,1,3,1980,Adventure,0,1,0,0,0,0,0,0,0,0,0
293167,Kong: Skull Island,2017-03-08,2017,2010s,Action,Action|Adventure|Fantasy,en,21.1395,6.558,11287,3.0973633434663097,9.33149549353265,9,1,3,2010,Action,1,0,0,0,0,0,0,0,0,0,0
508947,Turning Red,2022-03-10,2022,2020s,Animation,Animation|Family|Comedy|Fantasy,en,21.1211,7.329,6002,3.096531904169961,8.700014623251842,4,1,4,2020,Animation,0,0,1,0,0,0,0,0,0,0,0
1495,Kingdom of Heaven,2005-05-03,2005,2000s,Drama,Drama|Action|Adventure|History|War,en,21.1116,7.079,5150,3.0961023576966022,8.546946149565585,21,1,5,2000,Drama,0,0,0,0,0,1,0,0,0,0,0
6977,No Country for Old Men,2007-11-09,2007,2000s,Crime,Crime|Thriller|Western,en,21.0899,7.949,13638,3.095120490486514,9.520688614926875,19,1,3,2000,Crime,0,0,0,0,1,0,0,0,0,0,0
429,"The Good, the Bad and the Ugly",1966-12-23,1966,1960s,Western,Western,it,21.0891,8.466,9858,3.0950842741846474,9.196140022575042,60,0,1,1960,Other,0,0,0,0,0,0,0,1,0,0,0
1064028,Subservience,2024-08-15,2024,2020s,Horror,Horror|Science Fiction|Thriller,en,21.0525,6.637,1075,3.093425974150785,6.98100574072173,2,1,3,2020,Horror,0,0,0,0,0,0,1,0,0,0,0
111,Scarface,1983-12-09,1983,1980s,Action,Action|Crime|Drama,en,21.009,8.2,13311,3.091451460612535,9.49642116306099,43,1,3,1980,Action,1,0,0,0,0,0,0,0,0,0,0
572802,Aquaman and the Lost Kingdom,2023-12-20,2023,2020s,Action,Action|Adventure|Fantasy,en,21.0014,6.507,3619,3.091106087697245,8.194229304819817,3,1,3,2020,Action,1,0,0,0,0,0,0,0,0,0,0
519182,Despicable Me 4,2024-06-20,2024,2020s,Animation,Animation|Comedy|Action|Science Fiction|Family,en,20.9787,6.974,3327,3.090073802549381,8.1101268019411,2,1,5,2020,Animation,0,0,1,0,0,0,0,0,0,0,0
1202033,Enola Holmes 3,2026-06-30,2026,2020s,Adventure,Adventure|Crime|Mystery,en,20.95,6.805,621,3.08876713952118,6.432940092739179,0,1,3,2020,Adventure,0,1,0,0,0,0,0,0,0,0,0
324552,John Wick: Chapter 2,2017-02-08,2017,2010s,Action,Action|Thriller|Crime,en,20.948,7.343,14506,3.088676019196729,9.582386570538903,9,1,3,2010,Action,1,0,0,0,0,0,0,0,0,0,0
614479,Insidious: The Red Door,2023-07-05,2023,2020s,Horror,Horror|Thriller,en,20.9448,6.506,2049,3.0885302094053433,7.6255950721324535,3,1,2,2020,Horror,0,0,0,0,0,0,1,0,0,0,0
286217,The Martian,2015-09-30,2015,2010s,Science Fiction,Science Fiction|Drama|Adventure,en,20.9161,7.706,21657,3.0872215265421965,9.983130180188324,11,1,3,2010,Science Fiction,0,0,0,0,0,0,0,0,0,1,0
329865,Arrival,2016-11-10,2016,2010s,Drama,Drama|Science Fiction|Mystery,en,20.9019,7.632,19719,3.086573391050066,9.889388628156626,10,1,3,2010,Drama,0,0,0,0,0,1,0,0,0,0,0
315162,Puss in Boots: The Last Wish,2022-12-07,2022,2020s,Animation,Animation|Adventure|Fantasy|Comedy|Family,en,20.8828,8.215,9140,3.0857009401157653,9.12052506765382,4,1,5,2020,Animation,0,0,1,0,0,0,0,0,0,0,0
1038392,The Conjuring: Last Rites,2025-09-03,2025,2020s,Horror,Horror,en,20.8746,6.939,2061,3.0853261463622066,7.631431664576906,1,1,1,2020,Horror,0,0,0,0,0,0,1,0,0,0,0
786892,Furiosa: A Mad Max Saga,2024-05-22,2024,2020s,Action,Action|Science Fiction|Adventure,en,20.8626,7.442,5106,3.0847774143765694,8.538367426647644,2,1,3,2020,Action,1,0,0,0,0,0,0,0,0,0,0
425274,Now You See Me: Now You Don't,2025-11-12,2025,2020s,Crime,Crime|Thriller,en,20.8217,6.46,1756,3.082904887544237,7.471363088187097,1,1,2,2020,Crime,0,0,0,0,1,0,0,0,0,0,0
539,Psycho,1960-06-22,1960,1960s,Horror,Horror|Thriller|Mystery,en,20.7711,8.408,11173,3.0805834022198324,9.321344930019094,66,1,3,1960,Horror,0,0,0,0,0,0,1,0,0,0,0
77338,The Intouchables,2011-11-02,2011,2010s,Drama,Drama|Comedy,fr,20.7445,8.271,18703,3.079360851993564,9.83649268371185,15,0,2,2010,Drama,0,0,0,0,0,1,0,0,0,0,0
945961,Alien: Romulus,2024-08-13,2024,2020s,Horror,Horror|Science Fiction,en,20.7395,7.16,4794,3.0791308823485437,8.475328987317539,2,1,2,2020,Horror,0,0,0,0,0,0,1,0,0,0,0
917496,Beetlejuice Beetlejuice,2024-09-04,2024,2020s,Comedy,Comedy|Fantasy,en,19.8817,6.921,3251,3.038873177324724,8.087025470667701,2,1,2,2020,Comedy,0,0,0,1,0,0,0,0,0,0,0
866398,The Beekeeper,2024-01-08,2024,2020s,Action,Action|Crime|Thriller,en,20.5564,7.276,4455,3.0706727562175105,8.40200678160712,2,1,3,2020,Action,1,0,0,0,0,0,0,0,0,0,0
313369,La La Land,2016-12-01,2016,2010s,Comedy,Comedy|Drama|Romance,en,20.6776,7.9,18363,3.076279469336615,9.818147505369113,10,1,3,2010,Comedy,0,0,0,1,0,0,0,0,0,0,0
140607,Star Wars: The Force Awakens,2015-12-15,2015,2010s,Adventure,Adventure|Action|Science Fiction,en,19.9112,7.244,20796,3.0402849006030497,9.942564024517921,11,1,3,2010,Adventure,0,1,0,0,0,0,0,0,0,0,0
829557,365 Days: This Day,2022-04-26,2022,2020s,Romance,Romance|Drama,pl,20.5781,5.949,1864,3.0716789114682106,7.5310163320779155,4,0,2,2020,Romance,0,0,0,0,0,0,0,0,1,0,0
10020,Beauty and the Beast,1991-10-22,1991,1990s,Romance,Romance|Family|Animation|Fantasy,en,20.0895,7.726,10829,3.0487752862912014,9.290075339995036,35,1,4,1990,Romance,0,0,0,0,0,0,0,0,1,0,0
637649,Wrath of Man,2021-04-22,2021,2020s,Thriller,Thriller|Crime|Drama,en,19.648,7.572,6238,3.0276184624163127,8.738575192110787,5,1,3,2020,Thriller,0,0,0,0,0,0,0,0,0,0,1
70981,Prometheus,2012-05-30,2012,2010s,Science Fiction,Science Fiction|Mystery|Horror,en,19.0373,6.606,13507,2.9975955366007674,9.511037381505458,14,1,3,2010,Science Fiction,0,0,0,0,0,0,0,0,0,1,0
181812,Star Wars: The Rise of Skywalker,2019-12-18,2019,2010s,Adventure,Adventure|Action|Science Fiction,en,20.736,6.3,11044,3.0789698721240466,9.309733115854218,7,1,3,2010,Adventure,0,1,0,0,0,0,0,0,0,0,0
1315303,Primate,2026-01-01,2026,2020s,Horror,Horror|Thriller,en,18.0531,6.492,827,2.947229817992468,6.71901315438526,0,1,2,2020,Horror,0,0,0,0,0,0,1,0,0,0,0
640,Catch Me If You Can,2002-12-16,2002,2000s,Drama,Drama|Crime,en,20.6651,7.978,17407,3.0757026709208923,9.76468514965567,24,1,2,2000,Drama,0,0,0,0,0,1,0,0,0,0,0
1734,The Mummy Returns,2001-05-04,2001,2000s,Adventure,Adventure|Action|Fantasy,en,18.8074,6.414,7848,2.986055605251811,8.968141414126814,25,1,3,2000,Adventure,0,1,0,0,0,0,0,0,0,0,0
1097549,Babygirl,2024-12-25,2024,2020s,Romance,Romance|Thriller,en,18.7551,5.715,1268,2.98341168586016,7.1459844677143876,2,1,2,2020,Romance,0,0,0,0,0,0,0,0,1,0,0
103,Taxi Driver,1976-02-09,1976,1970s,Crime,Crime|Drama,en,19.0166,8.1,13684,2.9965619292944683,9.52405562147478,50,1,2,1970,Crime,0,0,0,0,1,0,0,0,0,0,0
81774,Exploits of a Young Don Juan,1986-11-04,1986,1980s,Comedy,Comedy|Drama,fr,19.7944,6.146,329,3.0346837196889314,5.799092654460526,40,0,2,1980,Comedy,0,0,0,1,0,0,0,0,0,0,0
1011985,Kung Fu Panda 4,2024-03-02,2024,2020s,Action,Action|Adventure|Animation|Comedy|Family|Fantasy,en,20.445,7.002,3648,3.065491517968844,8.202208436436448,2,1,6,2020,Action,1,0,0,0,0,0,0,0,0,0,0
398818,Call Me by Your Name,2017-10-01,2017,2010s,Romance,Romance|Drama,en,20.4823,8.082,12901,3.0672293402584936,9.465137617092187,9,1,2,2010,Romance,0,0,0,0,0,0,0,0,1,0,0
1363123,The Family Plan 2,2025-11-11,2025,2020s,Action,Action|Comedy,en,19.9365,6.5,630,3.0414940472506533,6.447305862541213,1,1,2,2020,Action,1,0,0,0,0,0,0,0,0,0,0
137113,Edge of Tomorrow,2014-05-27,2014,2010s,Action,Action|Science Fiction,en,20.5207,7.641,15376,3.0690152626456046,9.640628165515693,12,1,2,2010,Action,1,0,0,0,0,0,0,0,0,0,0
667538,Transformers: Rise of the Beasts,2023-06-06,2023,2020s,Science Fiction,Science Fiction|Adventure|Action,en,18.4572,7.165,5383,2.9682171815133485,8.591186871324563,3,1,3,2020,Science Fiction,0,0,0,0,0,0,0,0,0,1,0
1390300,Over Your Dead Body,2026-03-14,2026,2020s,Action,Action|Comedy|Thriller,en,20.332,6.422,538,3.0602082927383556,6.289715570908998,0,1,3,2020,Action,1,0,0,0,0,0,0,0,0,0,0
1084187,Pretty Lethal,2026-03-13,2026,2020s,Action,Action|Thriller|Horror,en,19.414,6.764,480,3.0162209399813067,6.175867270105761,0,1,3,2020,Action,1,0,0,0,0,0,0,0,0,0,0
118340,Guardians of the Galaxy,2014-07-30,2014,2010s,Action,Action|Science Fiction|Adventure,en,19.1861,7.908,30136,3.0049942487328622,10.313508931725504,12,1,3,2010,Action,1,0,0,0,0,0,0,0,0,0,0
1865,Pirates of the Caribbean: On Stranger Tides,2011-05-15,2011,2010s,Adventure,Adventure|Action|Fantasy,en,20.0755,6.573,15153,3.048111228398899,9.626019802491319,15,1,3,2010,Adventure,0,1,0,0,0,0,0,0,0,0,0
321612,Beauty and the Beast,2017-03-16,2017,2010s,Family,Family|Fantasy|Romance,en,20.4371,6.967,16121,3.065123065859951,9.687940077843546,9,1,3,2010,Other,0,0,0,0,0,0,0,1,0,0,0
451156,Infidelity in Suburbia,2017-02-25,2017,2010s,Thriller,Thriller|TV Movie,en,19.7528,6.21,162,3.032681177332193,5.093750200806762,9,1,2,2010,Thriller,0,0,0,0,0,0,0,0,0,0,1
4348,Pride & Prejudice,2005-09-16,2005,2000s,Drama,Drama|Romance,en,19.4271,8.1,8883,3.016862450638427,9.092007185014317,21,1,2,2000,Drama,0,0,0,0,0,1,0,0,0,0,0
263115,Logan,2017-02-28,2017,2010s,Action,Action|Drama|Science Fiction,en,19.8426,7.821,20699,3.0369989691800505,9.93788897925346,9,1,3,2010,Action,1,0,0,0,0,0,0,0,0,0,0
1064213,Anora,2024-10-14,2024,2020s,Drama,Drama|Comedy|Romance,en,18.6123,7.076,3362,2.97615692042908,8.12058871174027,2,1,3,2020,Drama,0,0,0,0,0,1,0,0,0,0,0
696506,Mickey 17,2025-02-28,2025,2020s,Science Fiction,Science Fiction|Comedy|Adventure,en,19.3345,6.835,3830,3.012318950908382,8.25088114470065,1,1,3,2020,Science Fiction,0,0,0,0,0,0,0,0,0,1,0
426063,Nosferatu,2024-12-25,2024,2020s,Horror,Horror|Fantasy,en,17.9674,6.713,3881,2.9427217160401042,8.264105763728956,2,1,2,2020,Horror,0,0,0,0,0,0,1,0,0,0,0
950,Ice Age: The Meltdown,2006-03-29,2006,2000s,Animation,Animation|Family|Comedy|Adventure,en,19.4054,6.725,10485,3.015799571704103,9.257796313132479,20,1,4,2000,Animation,0,0,1,0,0,0,0,0,0,0,0
115,The Big Lebowski,1998-03-06,1998,1990s,Comedy,Comedy|Crime,en,19.3183,7.834,12396,3.0115219577931467,9.425209786838147,28,1,2,1990,Comedy,0,0,0,1,0,0,0,0,0,0,0
126889,Alien: Covenant,2017-05-09,2017,2010s,Horror,Horror|Science Fiction,en,19.2874,6.185,9593,3.010000003685,9.168893182062009,9,1,2,2010,Horror,0,0,0,0,0,0,1,0,0,0,0
28,Apocalypse Now,1979-05-19,1979,1970s,Drama,Drama|War,en,19.2852,8.3,9283,3.009891556111901,9.136047767394327,47,1,2,1970,Drama,0,0,0,0,0,1,0,0,0,0,0
1156593,Your Fault,2024-12-26,2024,2020s,Drama,Drama|Romance,es,19.27,7.091,1617,3.0091419604639085,7.388946097618437,2,0,2,2020,Drama,0,0,0,0,0,1,0,0,0,0,0
637,Life Is Beautiful,1997-12-20,1997,1990s,Comedy,Comedy|Drama,it,19.2665,8.438,14164,3.0089692765859866,9.558529412264617,29,0,2,1990,Comedy,0,0,0,1,0,0,0,0,0,0,0
1585,It's a Wonderful Life,1946-12-20,1946,1940s,Drama,Drama|Family|Fantasy,en,19.2438,8.3,5014,3.007848573832569,8.520188700396035,80,1,3,1940,Drama,0,0,0,0,0,1,0,0,0,0,0
335983,Venom,2018-09-28,2018,2010s,Science Fiction,Science Fiction|Action,en,19.2289,6.825,17486,3.007112275010244,9.76921302671366,8,1,2,2010,Science Fiction,0,0,0,0,0,0,0,0,0,1,0
843527,The Idea of You,2024-05-02,2024,2020s,Music,Music|Comedy|Romance|Drama,en,19.2057,7.25,2010,3.005964742820195,7.606387389772652,2,1,4,2020,Other,0,0,0,0,0,0,0,1,0,0,0
1892,Return of the Jedi,1983-05-25,1983,1980s,Adventure,Adventure|Action|Science Fiction,en,19.1946,7.911,17183,3.0054152419363254,9.751733997308591,43,1,3,1980,Adventure,0,1,0,0,0,0,0,0,0,0,0
1265,Bridge to Terabithia,2007-02-15,2007,2000s,Adventure,Adventure|Drama|Family,en,19.1862,7.349,5420,3.0049992026245156,8.598035579260339,19,1,3,2000,Adventure,0,1,0,0,0,0,0,0,0,0,0
128,Princess Mononoke,1997-07-12,1997,1990s,Adventure,Adventure|Fantasy|Animation,ja,19.1726,8.3,9196,3.0043252479720097,9.126632622902697,29,0,3,1990,Adventure,0,1,0,0,0,0,0,0,0,0,0
260513,Incredibles 2,2018-06-14,2018,2010s,Action,Action|Adventure|Animation|Family,en,18.9865,7.453,13868,2.9950570456389234,9.537411412656335,8,1,4,2010,Action,1,0,0,0,0,0,0,0,0,0,0
288987,That Malicious Age,1975-03-11,1975,1970s,Drama,Drama|Romance,it,18.9655,6.426,88,2.99400578402829,4.48863636973214,51,0,2,1970,Drama,0,0,0,0,0,1,0,0,0,0,0
47971,xXx: Return of Xander Cage,2017-01-13,2017,2010s,Action,Action|Adventure|Crime,en,18.9576,6.129,9300,2.9936100231728897,9.137877200242468,9,1,3,2010,Action,1,0,0,0,0,0,0,0,0,0,0
507086,Jurassic World Dominion,2022-06-01,2022,2020s,Adventure,Adventure|Science Fiction|Thriller|Action,en,18.9472,6.594,7227,2.9930887826085733,8.885717651712119,4,1,4,2020,Adventure,0,1,0,0,0,0,0,0,0,0,0
8078,Alien Resurrection,1997-11-12,1997,1990s,Science Fiction,Science Fiction|Horror|Action,en,18.8762,6.173,5699,2.989523036076247,8.648221453822641,29,1,3,1990,Science Fiction,0,0,0,0,0,0,0,0,0,1,0
43947,I Spit on Your Grave,2010-06-17,2010,2010s,Thriller,Thriller|Crime|Horror,en,18.8664,6.506,2639,2.9890298624943155,7.878534196140362,16,1,3,2010,Thriller,0,0,0,0,0,0,0,0,0,0,1
615,The Passion of the Christ,2004-02-25,2004,2000s,Drama,Drama,en,18.8618,7.542,5295,2.9887982889510614,8.574707097616844,22,1,1,2000,Drama,0,0,0,0,0,1,0,0,0,0,0
162,Edward Scissorhands,1990-12-07,1990,1990s,Fantasy,Fantasy|Drama|Romance,en,18.8516,7.7,13959,2.9882846084188337,9.543951376316363,36,1,3,1990,Other,0,0,0,0,0,0,0,1,0,0,0
2501,The Bourne Identity,2002-06-14,2002,2000s,Action,Action|Mystery|Thriller,en,18.8033,7.485,10282,2.98584859047981,9.23824732522919,24,1,3,2000,Action,1,0,0,0,0,0,0,0,0,0,0
1292695,They Will Kill You,2026-03-25,2026,2020s,Action,Action|Comedy|Horror|Thriller,en,18.7753,6.946,1058,2.9844336842086823,6.9650803456014065,0,1,4,2020,Action,1,0,0,0,0,0,0,0,0,0,0
72105,Ted,2012-06-29,2012,2010s,Comedy,Comedy|Fantasy,en,18.772,6.454,13373,2.9842667954447126,9.501067802613925,14,1,2,2010,Comedy,0,0,0,1,0,0,0,0,0,0,0
1771,Captain America: The First Avenger,2011-07-22,2011,2010s,Action,Action|Adventure|Science Fiction,en,18.7678,7.009,23085,2.984054351273736,10.046981652174857,15,1,3,2010,Action,1,0,0,0,0,0,0,0,0,0,0
311,Once Upon a Time in America,1984-05-23,1984,1980s,Drama,Drama|Crime,en,18.7631,8.4,6155,2.983816562606028,8.72518249495877,42,1,2,1980,Drama,0,0,0,0,0,1,0,0,0,0,0
976573,Elemental,2023-06-14,2023,2020s,Animation,Animation|Comedy|Family|Romance,en,18.686,7.595,5492,2.9799077232070195,8.61122983334262,3,1,4,2020,Animation,0,0,1,0,0,0,0,0,0,0,0
680493,Return to Silent Hill,2026-01-21,2026,2020s,Horror,Horror|Mystery,en,18.6754,5.385,794,2.9793691244652956,6.678342114654332,0,1,2,2020,Horror,0,0,0,0,0,0,1,0,0,0,0
1477317,Your Fault: London,2026-06-17,2026,2020s,Romance,Romance|Drama,en,18.6404,7.524,186,2.9775886693177016,5.231108616854587,0,1,2,2020,Romance,0,0,0,0,0,0,0,0,1,0,0
748783,The Garfield Movie,2024-04-30,2024,2020s,Adventure,Adventure|Animation|Comedy|Family,en,18.6354,6.955,1490,2.9773340596075486,7.307202314764738,2,1,4,2020,Adventure,0,1,0,0,0,0,0,0,0,0,0
8363,Superbad,2007-08-17,2007,2000s,Comedy,Comedy,en,18.5917,7.27,8282,2.975106007160234,9.021960500598263,19,1,1,2000,Comedy,0,0,0,1,0,0,0,0,0,0,0
105864,The Good Dinosaur,2015-11-14,2015,2010s,Adventure,Adventure|Animation|Family,en,18.5739,6.747,6110,2.9741970461727583,8.717845704894916,11,1,3,2010,Adventure,0,1,0,0,0,0,0,0,0,0,0
524434,Eternals,2021-11-03,2021,2020s,Science Fiction,Science Fiction|Action|Adventure,en,18.5705,6.758,9321,2.9740233303917756,9.140132476932687,5,1,3,2020,Science Fiction,0,0,0,0,0,0,0,0,0,1,0
78,Blade Runner,1982-06-25,1982,1980s,Science Fiction,Science Fiction|Drama|Thriller,en,18.4946,7.934,15283,2.9701375041425027,9.63456180856679,44,1,3,1980,Science Fiction,0,0,0,0,0,0,0,0,0,1,0
949,Heat,1995-12-15,1995,1990s,Crime,Crime|Drama|Action,en,18.4935,7.942,8577,2.9700810766684635,9.056956065076825,31,1,3,1990,Crime,0,0,0,0,1,0,0,0,0,0,0
10591,The Girl Next Door,2004-04-09,2004,2000s,Comedy,Comedy|Romance,en,18.4894,6.752,4136,2.9698707280276433,8.327726166461412,22,1,2,2000,Comedy,0,0,0,1,0,0,0,0,0,0,0
137106,The Lego Movie,2014-02-06,2014,2010s,Animation,Animation|Family|Adventure|Comedy|Fantasy,en,18.4714,7.433,8645,2.968946722294666,9.064852065227576,12,1,5,2010,Animation,0,0,1,0,0,0,0,0,0,0,0
299710,Being 14,2015-02-25,2015,2010s,Drama,Drama,fr,18.4686,4.1,65,2.96880291130315,4.189654742026425,11,0,1,2010,Drama,0,0,0,0,0,1,0,0,0,0,0
49521,Man of Steel,2013-06-12,2013,2010s,Action,Action|Adventure|Science Fiction,en,18.4605,6.659,16485,2.9683867701585105,9.710266814873172,13,1,3,2010,Action,1,0,0,0,0,0,0,0,0,0,0
920,Cars,2006-06-08,2006,2000s,Animation,Animation|Adventure|Comedy|Family,en,18.4354,7.047,15385,2.9670961455176554,9.64121328401888,20,1,4,2000,Animation,0,0,1,0,0,0,0,0,0,0,0
1084199,Companion,2025-01-22,2025,2020s,Horror,Horror|Science Fiction|Thriller,en,18.4248,7.003,2515,2.966550600190411,7.830425617820331,1,1,3,2020,Horror,0,0,0,0,0,0,1,0,0,0,0
106,Predator,1987-06-12,1987,1980s,Science Fiction,Science Fiction|Action|Adventure|Thriller,en,18.4123,7.574,9389,2.9659068857816813,9.147400572202308,39,1,4,1980,Science Fiction,0,0,0,0,0,0,0,0,0,1,0
161,Ocean's Eleven,2001-12-07,2001,2000s,Thriller,Thriller|Crime,en,18.394,7.466,12776,2.9649637398823545,9.455401958591324,25,1,2,2000,Thriller,0,0,0,0,0,0,0,0,0,0,1
1242332,Normal,2026-04-16,2026,2020s,Action,Action|Crime|Thriller,en,18.3867,7.223,487,2.9645872639504494,6.1903154058531475,0,1,3,2020,Action,1,0,0,0,0,0,0,0,0,0,0
270946,Penguins of Madagascar,2014-11-22,2014,2010s,Family,Family|Animation|Adventure|Comedy,en,18.3599,6.542,4553,2.9632039165458344,8.423761246623686,12,1,4,2010,Other,0,0,0,0,0,0,0,1,0,0,0
1318413,Pressure,2026-05-25,2026,2020s,Thriller,Thriller|History|War,en,18.3578,7.741,307,2.963095439027694,5.730099782973574,0,1,3,2020,Thriller,0,0,0,0,0,0,0,0,0,0,1
72190,World War Z,2013-06-19,2013,2010s,Action,Action|Horror|Science Fiction,en,18.3423,6.848,16901,2.96229440746298,9.735187237104428,13,1,3,2010,Action,1,0,0,0,0,0,0,0,0,0,0
399566,Godzilla vs. Kong,2021-03-24,2021,2020s,Action,Action|Science Fiction|Adventure,en,18.2816,7.525,10769,2.9591512732909906,9.284519770150434,5,1,3,2020,Action,1,0,0,0,0,0,0,0,0,0,0
1317149,I Swear,2025-09-22,2025,2020s,Drama,Drama|History,en,18.2729,8.23,478,2.958699964097632,6.171700597410915,1,1,2,2020,Drama,0,0,0,0,0,1,0,0,0,0,0
954,Mission: Impossible,1996-05-22,1996,1990s,Adventure,Adventure|Action|Thriller,en,18.2526,7.026,10166,2.957646116548411,9.226902460275161,30,1,3,1990,Adventure,0,1,0,0,0,0,0,0,0,0,0
858024,Hamnet,2025-11-26,2025,2020s,Drama,Drama|Romance,en,18.2379,7.71,1538,2.956882291671379,7.338888133838879,1,1,2,2020,Drama,0,0,0,0,0,1,0,0,0,0,0
809,Shrek 2,2004-05-19,2004,2000s,Animation,Animation|Comedy|Family|Fantasy|Romance,en,18.2109,7.327,13676,2.9554778262816566,9.523470868881551,22,1,5,2000,Animation,0,0,1,0,0,0,0,0,0,0,0
1029575,The Family Plan,2023-12-14,2023,2020s,Action,Action|Comedy|Adventure,en,18.1963,7.215,1965,2.954717552129766,7.583756300707112,3,1,3,2020,Action,1,0,0,0,0,0,0,0,0,0,0
568124,Encanto,2021-10-13,2021,2020s,Animation,Animation|Comedy|Family|Fantasy,en,17.8241,7.566,10345,2.935137963778142,9.24435525056346,5,1,4,2020,Animation,0,0,1,0,0,0,0,0,0,0,0
359410,Road House,2024-03-08,2024,2020s,Action,Action|Thriller|Drama,en,17.9278,6.938,3168,2.9406317408234863,8.06117135969092,2,1,3,2020,Action,1,0,0,0,0,0,0,0,0,0,0
10674,Mulan,1998-06-18,1998,1990s,Animation,Animation|Family|Adventure,en,17.0234,7.903,10615,2.8916709136277845,9.270117576012044,28,1,3,1990,Animation,0,0,1,0,0,0,0,0,0,0,0
812583,Wake Up Dead Man: A Knives Out Mystery,2025-11-26,2025,2020s,Thriller,Thriller|Mystery|Comedy,en,17.3172,7.205,2769,2.907840509137054,7.926602599181384,1,1,3,2020,Thriller,0,0,0,0,0,0,0,0,0,0,1
1330021,Remarkably Bright Creatures,2026-05-07,2026,2020s,Drama,Drama|Mystery,en,17.8992,8.461,846,2.939119593127412,6.741700694652055,0,1,2,2020,Drama,0,0,0,0,0,1,0,0,0,0,0
630,The Wizard of Oz,1939-08-21,1939,1930s,Adventure,Adventure|Fantasy|Family,en,16.2944,7.582,6231,2.8503827496798015,8.737452587550584,87,1,3,1930,Adventure,0,1,0,0,0,0,0,0,0,0,0
1119449,"Good Luck, Have Fun, Don't Die",2026-02-13,2026,2020s,Science Fiction,Science Fiction|Action|Comedy,en,17.9817,7.074,854,2.9434753571370913,6.75110146893676,0,1,3,2020,Science Fiction,0,0,0,0,0,0,0,0,0,1,0
533533,TRON: Ares,2025-10-08,2025,2020s,Science Fiction,Science Fiction|Adventure|Action,en,17.5928,6.451,1574,2.9227744090036656,7.362010551259734,1,1,3,2020,Science Fiction,0,0,0,0,0,0,0,0,0,1,0
197,Braveheart,1995-05-24,1995,1990s,Action,Action|Drama|History|War,en,17.9397,7.945,11332,2.9412602481393497,9.335474102732949,31,1,4,1990,Action,1,0,0,0,0,0,0,0,0,0,0
423108,The Conjuring: The Devil Made Me Do It,2021-05-25,2021,2020s,Horror,Horror|Mystery|Thriller,en,17.767,7.339,6659,2.9321000083091353,8.803874763534434,5,1,3,2020,Horror,0,0,0,0,0,0,1,0,0,0,0
68726,Pacific Rim,2013-07-11,2013,2010s,Action,Action|Science Fiction|Adventure,en,17.951,6.9,13682,2.941856700584673,9.52390946537981,13,1,3,2010,Action,1,0,0,0,0,0,0,0,0,0,0
454626,Sonic the Hedgehog,2020-02-12,2020,2020s,Action,Action|Science Fiction|Comedy|Family,en,15.3505,7.274,10524,2.7942584779154274,9.261508658550582,6,1,4,2020,Action,1,0,0,0,0,0,0,0,0,0,0
512200,Jumanji: The Next Level,2019-12-04,2019,2010s,Adventure,Adventure|Comedy|Fantasy,en,18.1102,6.87,9526,2.9502222239221676,9.161885151706779,7,1,3,2010,Adventure,0,1,0,0,0,0,0,0,0,0,0
588228,The Tomorrow War,2021-09-03,2021,2020s,Action,Action|Science Fiction|Adventure,en,20.4231,7.522,4392,3.064469779104504,8.38776764397578,5,1,3,2020,Action,1,0,0,0,0,0,0,0,0,0,0
278154,Ice Age: Collision Course,2016-06-23,2016,2010s,Adventure,Adventure|Animation|Family|Comedy|Science Fiction,en,17.8167,6.124,4951,2.9347447734051775,8.507546814364431,10,1,5,2010,Adventure,0,1,0,0,0,0,0,0,0,0,0
1228246,Five Nights at Freddy's 2,2025-12-03,2025,2020s,Horror,Horror|Thriller,en,18.0871,6.608,1134,2.949012714202051,7.034387929915503,1,1,2,2020,Horror,0,0,0,0,0,0,1,0,0,0,0
49051,The Hobbit: An Unexpected Journey,2012-12-12,2012,2010s,Adventure,Adventure|Fantasy|Action,en,18.0004,7.382,19930,2.944460031576416,9.900031587562738,14,1,3,2010,Adventure,0,1,0,0,0,0,0,0,0,0,0
188927,Star Trek Beyond,2016-07-07,2016,2010s,Action,Action|Adventure|Science Fiction,en,17.5422,6.793,7214,2.9200492154495614,8.88391747120797,10,1,3,2010,Action,1,0,0,0,0,0,0,0,0,0,0
1197137,Black Phone 2,2025-10-15,2025,2020s,Horror,Horror|Thriller,en,17.8063,6.635,1285,2.9341919200832787,7.1592919047975645,1,1,2,2020,Horror,0,0,0,0,0,0,1,0,0,0,0
9769,Lolita,1997-09-27,1997,1990s,Drama,Drama,en,18.1255,7.097,2011,2.951022523161706,7.60688453121963,29,1,1,1990,Drama,0,0,0,0,0,1,0,0,0,0,0
785084,The Whale,2022-12-09,2022,2020s,Drama,Drama,en,16.6576,7.754,4832,2.871166285600775,8.483222671845084,4,1,1,2020,Drama,0,0,0,0,0,1,0,0,0,0,0
298618,The Flash,2023-06-13,2023,2020s,Action,Action|Science Fiction|Adventure,en,16.2051,6.612,5176,2.8452058514964294,8.551981016901902,3,1,3,2020,Action,1,0,0,0,0,0,0,0,0,0,0
985939,Fall,2022-08-11,2022,2020s,Thriller,Thriller,en,17.2667,7.145,4783,2.9050797301017135,8.473032295630468,4,1,1,2020,Thriller,0,0,0,0,0,0,0,0,0,0,1
926393,The Equalizer 3,2023-08-30,2023,2020s,Action,Action|Thriller|Crime,en,17.4745,7.296,3844,2.9163914028685807,8.254528881939745,3,1,3,2020,Action,1,0,0,0,0,0,0,0,0,0,0
1327862,Regretting You,2025-10-22,2025,2020s,Romance,Romance|Drama,en,17.8849,7.118,535,2.9383626609425635,6.284134161070802,1,1,2,2020,Romance,0,0,0,0,0,0,0,0,1,0,0
1098006,Fountain of Youth,2025-05-19,2025,2020s,Adventure,Adventure|Fantasy|Mystery,en,17.1091,6.256,1000,2.8964145743600334,6.90875477931522,1,1,3,2020,Adventure,0,1,0,0,0,0,0,0,0,0,0
1035259,The Naked Gun,2025-07-30,2025,2020s,Comedy,Comedy|Crime|Action,en,14.723,6.352,1908,2.755124608488139,7.554334823725748,1,1,3,2020,Comedy,0,0,0,1,0,0,0,0,0,0,0
466272,Once Upon a Time... in Hollywood,2019-07-24,2019,2010s,Comedy,Comedy|Drama|Thriller,en,17.5717,7.419,15113,2.9216389166780807,9.623376745580666,7,1,3,2010,Comedy,0,0,0,1,0,0,0,0,0,0,0
76757,Jupiter Ascending,2015-02-04,2015,2010s,Science Fiction,Science Fiction|Fantasy|Action,en,17.6172,5.471,7200,2.9240858846014763,8.881975184248867,11,1,3,2010,Science Fiction,0,0,0,0,0,0,0,0,0,1,0
36647,Blade,1998-08-21,1998,1990s,Horror,Horror|Action,en,17.6008,6.851,6891,2.923204590546908,8.83811659764782,28,1,2,1990,Horror,0,0,0,0,0,0,1,0,0,0,0
756999,The Black Phone,2022-06-16,2022,2020s,Horror,Horror|Thriller,en,17.5608,7.5,5994,2.9210518298774035,8.698681067461614,4,1,2,2020,Horror,0,0,0,0,0,0,1,0,0,0,0
546554,Knives Out,2019-11-27,2019,2010s,Comedy,Comedy|Crime|Mystery,en,17.5601,7.841,14344,2.921014115274574,9.571156728415465,7,1,3,2010,Comedy,0,0,0,1,0,0,0,0,0,0,0
510,One Flew Over the Cuckoo's Nest,1975-11-19,1975,1970s,Drama,Drama,en,17.5421,8.4,11646,2.920043822331719,9.362803915102651,51,1,1,1970,Drama,0,0,0,0,0,1,0,0,0,0,0
62211,Monsters University,2013-06-19,2013,2010s,Animation,Animation|Family|Comedy|Fantasy,en,17.5183,7.056,11482,2.918759432348242,9.34862295977619,13,1,4,2010,Animation,0,0,1,0,0,0,0,0,0,0,0
242,The Godfather Part III,1990-12-25,1990,1990s,Crime,Crime|Drama|Thriller,en,17.5081,7.419,6990,2.9182084740991,8.852378886511985,36,1,3,1990,Crime,0,0,0,0,1,0,0,0,0,0,0
1595852,Boulevard,2026-04-10,2026,2020s,Romance,Romance|Drama,es,17.429,7.538,172,2.9139255108499,5.153291594497779,0,0,2,2020,Romance,0,0,0,0,0,0,0,0,1,0,0
2493,The Princess Bride,1987-09-25,1987,1980s,Adventure,Adventure|Fantasy|Romance|Family,en,17.4228,7.7,5235,2.9135890279612218,8.56331312702979,39,1,4,1980,Adventure,0,1,0,0,0,0,0,0,0,0,0
955,Mission: Impossible II,2000-05-24,2000,2000s,Adventure,Adventure|Action|Thriller,en,17.3998,6.14,7729,2.912339794990648,8.952864141581468,26,1,3,2000,Adventure,0,1,0,0,0,0,0,0,0,0,0
82690,Wreck-It Ralph,2012-11-01,2012,2010s,Family,Family|Animation|Comedy|Adventure,en,17.3954,7.361,13246,2.9121006333597306,9.491526390684262,14,1,4,2010,Other,0,0,0,0,0,0,0,1,0,0,0
953,Madagascar,2005-05-25,2005,2000s,Adventure,Adventure|Animation|Comedy|Family,en,17.3842,6.929,11919,2.911491600072463,9.385972940619341,21,1,4,2000,Adventure,0,1,0,0,0,0,0,0,0,0,0
1294203,My Fault: London,2025-02-12,2025,2020s,Drama,Drama|Romance,en,17.3451,7.4,618,2.909362508868976,6.428105272684596,1,1,2,2020,Drama,0,0,0,0,0,1,0,0,0,0,0
3933,Corpse Bride,2005-09-12,2005,2000s,Romance,Romance|Fantasy|Animation,en,17.3385,7.59,10348,2.909002675042895,9.244645175668174,21,1,3,2000,Romance,0,0,0,0,0,0,0,0,1,0,0
399579,Alita: Battle Angel,2019-01-31,2019,2010s,Action,Action|Science Fiction|Adventure,en,17.3114,7.271,10282,2.9075238167137303,9.23824732522919,7,1,3,2010,Action,1,0,0,0,0,0,0,0,0,0,0
609681,The Marvels,2023-11-08,2023,2020s,Science Fiction,Science Fiction|Adventure|Action,en,17.3071,5.921,3570,2.9072889627453935,8.18060094759445,3,1,3,2020,Science Fiction,0,0,0,0,0,0,0,0,0,1,0
370172,No Time to Die,2021-09-29,2021,2020s,Action,Action|Thriller|Adventure,en,17.2485,7.34,7306,2.904082884869749,8.896588071791218,5,1,3,2020,Action,1,0,0,0,0,0,0,0,0,0,0
675353,Sonic the Hedgehog 2,2022-03-30,2022,2020s,Action,Action|Adventure|Family|Comedy,en,17.236,7.421,5979,2.9033976623511952,8.696175846944678,4,1,4,2020,Action,1,0,0,0,0,0,0,0,0,0,0
19913,(500) Days of Summer,2009-07-17,2009,2000s,Comedy,Comedy|Drama|Romance,en,17.2232,7.305,11212,2.9026955075849967,9.324829098460881,17,1,3,2000,Comedy,0,0,0,1,0,0,0,0,0,0,0
438148,Minions: The Rise of Gru,2022-06-29,2022,2020s,Animation,Animation|Comedy|Science Fiction|Crime|Family,en,17.2205,7.255,4118,2.9025473338262984,8.323365694436081,4,1,5,2020,Animation,0,0,1,0,0,0,0,0,0,0,0
999136,Do Not Enter,2026-03-19,2026,2020s,Horror,Horror,en,17.2144,6.311,318,2.902212490033287,5.765191102784844,0,1,1,2020,Horror,0,0,0,0,0,0,1,0,0,0,0
296096,Me Before You,2016-06-01,2016,2010s,Drama,Drama|Romance,en,17.1993,7.929,13482,2.901383131804624,9.509184911634074,10,1,2,2010,Drama,0,0,0,0,0,1,0,0,0,0,0
1246049,Dracula,2025-07-30,2025,2020s,Horror,Horror|Fantasy|Romance,fr,17.1418,7.231,1430,2.8982186679891133,7.266128779556451,1,0,3,2020,Horror,0,0,0,0,0,0,1,0,0,0,0
345940,The Meg,2018-08-08,2018,2010s,Action,Action|Science Fiction|Horror,en,17.141,6.251,8326,2.8981745699591857,9.02725852623582,8,1,3,2010,Action,1,0,0,0,0,0,0,0,0,0,0
670,Oldboy,2003-11-21,2003,2000s,Thriller,Thriller|Mystery,ko,17.1153,8.236,10097,2.896756885071076,9.22009266341886,23,0,2,2000,Thriller,0,0,0,0,0,0,0,0,0,0,1
291805,Now You See Me 2,2016-06-02,2016,2010s,Crime,Crime|Thriller,en,17.1093,6.824,11733,2.8964256184702095,9.370245889485805,10,1,2,2010,Crime,0,0,0,0,1,0,0,0,0,0,0
2503,The Bourne Ultimatum,2007-08-03,2007,2000s,Action,Action|Drama|Mystery|Thriller,en,17.0755,7.442,8510,2.894557430179517,9.049114723476961,19,1,4,2000,Action,1,0,0,0,0,0,0,0,0,0,0
10494,Perfect Blue,1998-02-28,1998,1990s,Animation,Animation|Thriller,ja,17.032,8.305,3300,2.8921479572974205,8.101980731853192,28,0,2,1990,Animation,0,0,1,0,0,0,0,0,0,0,0
37799,The Social Network,2010-10-01,2010,2010s,Drama,Drama,en,17.029,7.376,13392,2.8919815725600633,9.502487461387123,16,1,1,2010,Drama,0,0,0,0,0,1,0,0,0,0,0
508442,Soul,2020-12-25,2020,2020s,Animation,Animation|Family|Drama|Music|Fantasy,en,17.0091,8.09,11638,2.890877185701565,9.362116806941977,6,1,5,2020,Animation,0,0,1,0,0,0,0,0,0,0,0
1470130,The Mortuary Assistant,2026-02-13,2026,2020s,Horror,Horror|Mystery,en,16.9915,5.364,136,2.8898994241419156,4.919980925828125,0,1,2,2020,Horror,0,0,0,0,0,0,1,0,0,0,0
38,Eternal Sunshine of the Spotless Mind,2004-03-19,2004,2000s,Science Fiction,Science Fiction|Drama|Romance,en,16.9865,8.088,16607,2.8896214765054604,9.717639785965615,22,1,3,2000,Science Fiction,0,0,0,0,0,0,0,0,0,1,0
855,Black Hawk Down,2001-12-28,2001,2000s,Action,Action|War|History,en,14.4125,7.398,6509,2.7351788684904625,8.781094735202615,25,1,3,2000,Action,1,0,0,0,0,0,0,0,0,0,0
100402,Captain America: The Winter Soldier,2014-03-20,2014,2010s,Action,Action|Adventure|Science Fiction,en,16.9613,7.654,20322,2.888219443328022,9.919508528590306,12,1,3,2010,Action,1,0,0,0,0,0,0,0,0,0,0
13475,Star Trek,2009-05-06,2009,2000s,Science Fiction,Science Fiction|Action|Adventure,en,14.9297,7.437,10660,2.768185291352912,9.274347501950475,17,1,3,2000,Science Fiction,0,0,0,0,0,0,0,0,0,1,0
580489,Venom: Let There Be Carnage,2021-09-30,2021,2020s,Science Fiction,Science Fiction|Action|Adventure,en,15.9878,6.733,11345,2.8324954393654753,9.336620537886512,5,1,3,2020,Science Fiction,0,0,0,0,0,0,0,0,0,1,0
1480387,undertone,2026-03-12,2026,2020s,Horror,Horror|Mystery,en,16.8443,6.0,583,2.8816841294985993,6.369900982828227,0,1,2,2020,Horror,0,0,0,0,0,0,1,0,0,0,0
915935,Anatomy of a Fall,2023-08-23,2023,2020s,Thriller,Thriller|Mystery|Crime,fr,16.2208,7.512,3419,2.846117955527897,8.13739583005665,3,0,3,2020,Thriller,0,0,0,0,0,0,0,0,0,0,1
420818,The Lion King,2019-07-12,2019,2010s,Adventure,Adventure|Drama|Family|Animation,en,17.8886,7.092,10859,2.9385585654794393,9.292841593487926,7,1,4,2010,Adventure,0,1,0,0,0,0,0,0,0,0,0
1716513,Extreme Makeover: Homer Edition,2026-06-17,2026,2020s,Animation,Animation|Comedy|Family,en,15.8388,7.203,64,2.8236857473677808,4.174387269895637,0,1,3,2020,Animation,0,0,1,0,0,0,0,0,0,0,0
24086,The Boy Who Could Fly,1986-08-15,1986,1980s,Drama,Drama|Family|Fantasy,en,18.1932,6.3,147,2.954556049635243,4.997212273764115,40,1,3,1980,Drama,0,0,0,0,0,1,0,0,0,0,0
1232449,Young Hearts,2024-10-26,2024,2020s,Drama,Drama|Romance,nl,15.9497,8.567,304,2.8302501345547837,5.720311776607412,2,0,2,2020,Drama,0,0,0,0,0,1,0,0,0,0,0
118,Charlie and the Chocolate Factory,2005-07-13,2005,2000s,Adventure,Adventure|Comedy|Family|Fantasy,en,15.8993,7.038,16300,2.827272200952848,9.69898173460629,21,1,4,2000,Adventure,0,1,0,0,0,0,0,0,0,0,0
338953,Fantastic Beasts: The Secrets of Dumbledore,2022-04-06,2022,2020s,Fantasy,Fantasy|Adventure,en,16.8095,6.626,5203,2.8797320227918197,8.557182839632397,4,1,2,2020,Other,0,0,0,0,0,0,0,1,0,0,0
120467,The Grand Budapest Hotel,2014-02-26,2014,2010s,Comedy,Comedy|Drama,en,16.5619,8.0,16390,2.8657317828093043,9.70448768268936,12,1,2,2010,Comedy,0,0,0,1,0,0,0,0,0,0,0
146233,Prisoners,2013-09-19,2013,2010s,Drama,Drama|Thriller|Crime,en,15.9488,8.106,13360,2.8301970348600944,9.500095294588894,13,1,3,2010,Drama,0,0,0,0,0,1,0,0,0,0,0
530385,Midsommar,2019-07-03,2019,2010s,Horror,Horror|Drama|Mystery,en,16.4712,7.146,8316,2.860553810968425,9.026056891868688,7,1,3,2010,Horror,0,0,0,0,0,0,1,0,0,0,0
14161,2012,2009-10-10,2009,2000s,Action,Action|Adventure|Science Fiction,en,16.4271,5.89,12930,2.85802646588434,9.467382808295852,17,1,3,2000,Action,1,0,0,0,0,0,0,0,0,0,0
11770,Shaolin Soccer,2001-07-05,2001,2000s,Action,Action|Comedy,cn,16.3803,7.206,2628,2.8553373809080655,7.874358824729881,25,0,2,2000,Action,1,0,0,0,0,0,0,0,0,0,0
15512,Monsters vs Aliens,2009-03-19,2009,2000s,Animation,Animation|Family|Adventure|Science Fiction,en,16.372,6.263,5079,2.8548597146725756,8.533066540572527,17,1,4,2000,Animation,0,0,1,0,0,0,0,0,0,0,0
4247,Scary Movie,2000-07-07,2000,2000s,Comedy,Comedy,en,16.3485,6.427,8066,2.8535060473239784,8.995536944936974,26,1,1,2000,Comedy,0,0,0,1,0,0,0,0,0,0,0
73861,A Serbian Film,2010-01-06,2010,2010s,Crime,Crime|Horror|Thriller,sr,16.3347,5.45,2250,2.8527102729589693,7.719129840906732,16,0,3,2010,Crime,0,0,0,0,1,0,0,0,0,0,0
893723,PAW Patrol: The Mighty Movie,2023-09-21,2023,2020s,Adventure,Adventure|Animation|Comedy|Family|Science Fiction,en,16.3112,6.926,584,2.8513536908754356,6.371611847231857,3,1,5,2020,Adventure,0,1,0,0,0,0,0,0,0,0,0
45269,The King's Speech,2010-11-26,2010,2010s,Drama,Drama|History,en,16.2974,7.733,9448,2.8505562011918664,9.153664194782626,16,1,2,2010,Drama,0,0,0,0,0,1,0,0,0,0,0
1593,Night at the Museum,2006-12-20,2006,2000s,Fantasy,Fantasy|Family|Comedy,en,16.2824,6.601,11127,2.8496886426206296,9.31721973360328,20,1,3,2000,Other,0,0,0,0,0,0,0,1,0,0,0
1659155,The Truthers,2026-07-24,2026,2020s,Thriller,Thriller|Drama|Mystery,es,16.2649,5.756,86,2.8486755387603107,4.465908118654584,0,0,3,2020,Thriller,0,0,0,0,0,0,0,0,0,0,1
875828,Peaky Blinders: The Immortal Man,2026-03-05,2026,2020s,Crime,Crime|Drama,en,16.2629,7.205,1160,2.8485596900817245,7.057036981697891,0,1,2,2020,Crime,0,0,0,0,1,0,0,0,0,0,0
150689,Cinderella,2015-03-06,2015,2010s,Romance,Romance|Fantasy|Family|Drama,en,16.2602,6.824,7484,2.848403273073663,8.920656296853728,11,1,4,2010,Romance,0,0,0,0,0,0,0,0,1,0,0
4232,Scream,1996-12-20,1996,1990s,Crime,Crime|Horror|Mystery,en,16.259,7.432,8154,2.848333746549266,9.006386515055114,30,1,3,1990,Crime,0,0,0,0,1,0,0,0,0,0,0
359724,Ford v Ferrari,2019-11-13,2019,2010s,Drama,Drama|History|Action,en,16.2575,8.006,9201,2.8482468315954934,9.127176130715414,7,1,3,2010,Drama,0,0,0,0,0,1,0,0,0,0,0
447332,A Quiet Place,2018-04-03,2018,2010s,Horror,Horror|Drama|Science Fiction,en,16.2569,7.395,15611,2.848212063498696,9.655795128300506,8,1,3,2010,Horror,0,0,0,0,0,0,1,0,0,0,0
1417,Pan's Labyrinth,2006-10-11,2006,2000s,Fantasy,Fantasy|Drama|War,es,16.2552,7.767,11651,2.8481135473260273,9.363233118079325,20,0,3,2000,Other,0,0,0,0,0,0,0,1,0,0,0
57800,Ice Age: Continental Drift,2012-06-27,2012,2010s,Animation,Animation|Comedy|Adventure|Family,en,16.2429,6.393,8229,2.8474004645463262,9.015541293671115,14,1,4,2010,Animation,0,0,1,0,0,0,0,0,0,0,0
956,Mission: Impossible III,2006-04-25,2006,2000s,Adventure,Adventure|Action|Thriller,en,16.2276,6.766,7773,2.8465127489051403,8.958540111412168,20,1,3,2000,Adventure,0,1,0,0,0,0,0,0,0,0,0
791373,Zack Snyder's Justice League,2021-03-18,2021,2020s,Action,Action|Adventure|Fantasy,en,16.2198,8.08,11040,2.8460598845302787,9.309370895439137,5,1,3,2020,Action,1,0,0,0,0,0,0,0,0,0,0
281957,The Revenant,2015-12-25,2015,2010s,Western,Western|Drama|Adventure,en,16.1941,7.541,19587,2.844566301717659,9.882672412822208,11,1,3,2010,Other,0,0,0,0,0,0,0,1,0,0,0
675445,PAW Patrol: The Movie,2021-08-09,2021,2020s,Action,Action|Adventure|Animation|Comedy|Family,en,16.1929,7.3,1286,2.8444965079001996,7.160069207596127,5,1,5,2020,Action,1,0,0,0,0,0,0,0,0,0,0
424694,Bohemian Rhapsody,2018-10-24,2018,2010s,Music,Music|Drama,en,16.186,7.953,17949,2.844095098891031,9.795345393916424,8,1,2,2010,Other,0,0,0,0,0,0,0,1,0,0,0
153,Lost in Translation,2003-09-18,2003,2000s,Drama,Drama|Comedy|Romance,en,16.1859,7.381,8244,2.8440892801844715,9.0173622349937,23,1,3,2000,Drama,0,0,0,0,0,1,0,0,0,0,0
1357633,Solo Leveling -ReAwakening-,2024-11-26,2024,2020s,Action,Action|Adventure|Fantasy|Animation,ja,16.1511,7.172,279,2.8420623114967616,5.634789603169249,2,0,4,2020,Action,1,0,0,0,0,0,0,0,0,0,0
396422,Annabelle: Creation,2017-08-03,2017,2010s,Horror,Horror,en,16.1148,6.606,6059,2.839943586258013,8.70946507906336,9,1,1,2010,Horror,0,0,0,0,0,0,1,0,0,0,0
2251,Unfaithful,2002-05-10,2002,2000s,Thriller,Thriller|Drama|Romance,en,16.1027,6.715,1776,2.8392363457813943,7.482681828154651,24,1,3,2000,Thriller,0,0,0,0,0,0,0,0,0,0,1
62029,Bingo Bongo,1982-12-23,1982,1980s,Comedy,Comedy,it,16.0756,5.711,178,2.8376505439317303,5.187385805840755,44,0,1,1980,Comedy,0,0,0,1,0,0,0,0,0,0,0
577922,Tenet,2020-08-22,2020,2020s,Action,Action|Thriller|Science Fiction,en,16.073,7.172,11395,2.8374982682890963,9.341017695617799,6,1,3,2020,Action,1,0,0,0,0,0,0,0,0,0,0
598,City of God,2002-08-30,2002,2000s,Drama,Drama|Crime,pt,16.0538,8.427,8361,2.836373052797121,9.03145291191651,24,0,2,2000,Drama,0,0,0,0,0,1,0,0,0,0,0
297762,Wonder Woman,2017-05-30,2017,2010s,Action,Action|Adventure|Fantasy,en,16.0414,7.205,21110,2.8356456776506658,9.957549510634658,9,1,3,2010,Action,1,0,0,0,0,0,0,0,0,0,0
10191,How to Train Your Dragon,2010-03-18,2010,2010s,Fantasy,Fantasy|Adventure|Animation|Family,en,16.0199,7.866,14613,2.8343832476873096,9.589735252351163,16,1,4,2010,Other,0,0,0,0,0,0,0,1,0,0,0
73,American History X,1998-07-01,1998,1990s,Drama,Drama,en,16.0185,8.326,12796,2.8343009876515386,9.456966047437597,28,1,1,1990,Drama,0,0,0,0,0,1,0,0,0,0,0
131631,The Hunger Games: Mockingjay - Part 1,2014-11-19,2014,2010s,Science Fiction,Science Fiction|Adventure|Thriller,en,16.0156,6.817,16915,2.834130570334376,9.73601519859238,12,1,3,2010,Science Fiction,0,0,0,0,0,0,0,0,0,1,0
936245,Hidden Face,2024-11-20,2024,2020s,Mystery,Mystery|Thriller,ko,16.0133,5.196,69,2.8339953911188567,4.248495242049359,2,0,2,2020,Other,0,0,0,0,0,0,0,1,0,0,0
49444,Kung Fu Panda 2,2011-05-25,2011,2010s,Animation,Animation|Family|Comedy|Action,en,16.0013,7.081,8065,2.833289811720725,8.995412975433313,15,1,4,2010,Animation,0,0,1,0,0,0,0,0,0,0,0
142,Brokeback Mountain,2005-10-22,2005,2000s,Drama,Drama|Romance,en,15.9753,7.8,7667,2.8317593463371944,8.944811104165534,21,1,2,2000,Drama,0,0,0,0,0,1,0,0,0,0,0
1100782,Smile 2,2024-10-16,2024,2020s,Horror,Horror|Mystery,en,14.7743,6.58,2287,2.7583820334332128,7.7354333524996886,2,1,2,2020,Horror,0,0,0,0,0,0,1,0,0,0,0
474350,It Chapter Two,2019-09-04,2019,2010s,Horror,Horror|Thriller|Drama,en,16.5749,6.832,9781,2.8664717477801145,9.188299241099303,7,1,3,2010,Horror,0,0,0,0,0,0,1,0,0,0,0
49519,The Croods,2013-03-15,2013,2010s,Animation,Animation|Adventure|Family|Comedy,en,14.7041,6.946,7656,2.7539218247582666,8.943375541113124,13,1,4,2010,Animation,0,0,1,0,0,0,0,0,0,0,0
337404,Cruella,2021-05-26,2021,2020s,Comedy,Comedy|Crime|Drama,en,16.6712,7.968,10234,2.8719361957404796,9.23356849809539,5,1,3,2020,Comedy,0,0,0,1,0,0,0,0,0,0,0
749170,Heads of State,2025-06-24,2025,2020s,Action,Action|Thriller|Comedy,en,14.6445,6.8,1115,2.750119417517781,7.017506142941256,1,1,3,2020,Action,1,0,0,0,0,0,0,0,0,0,0
593643,The Menu,2022-11-17,2022,2020s,Comedy,Comedy|Horror,en,15.2247,7.178,6512,2.78653477243462,8.781555458546402,4,1,2,2020,Comedy,0,0,0,1,0,0,0,0,0,0,0
1579,Apocalypto,2006-12-07,2006,2000s,Action,Action|Drama|History,en,15.1327,7.659,6583,2.7808482680855846,8.792397742356906,20,1,3,2000,Action,1,0,0,0,0,0,0,0,0,0,0
1893,Star Wars: Episode I - The Phantom Menace,1999-05-19,1999,1990s,Adventure,Adventure|Action|Science Fiction,en,15.6926,6.6,16099,2.814965507446335,9.686574550972555,27,1,3,1990,Adventure,0,1,0,0,0,0,0,0,0,0,0
615457,Nobody,2021-03-18,2021,2020s,Action,Action|Thriller,en,15.0971,7.867,8592,2.7786391315424983,9.058703197313223,5,1,2,2020,Action,1,0,0,0,0,0,0,0,0,0,0
76492,Hotel Transylvania,2012-09-20,2012,2010s,Animation,Animation|Comedy|Family|Fantasy,en,16.7847,6.968,9304,2.8783385371108348,9.13830716907635,14,1,4,2010,Animation,0,0,1,0,0,0,0,0,0,0,0
140300,Kung Fu Panda 3,2016-01-23,2016,2010s,Animation,Animation|Action|Adventure|Comedy|Family,en,15.8348,6.938,6723,2.8234481725305898,8.813438494528507,10,1,5,2010,Animation,0,0,1,0,0,0,0,0,0,0,0
516729,Paddington in Peru,2024-11-08,2024,2020s,Adventure,Adventure|Comedy|Family,en,14.8918,6.8,737,2.76580325292476,6.6039438246004725,2,1,3,2020,Adventure,0,1,0,0,0,0,0,0,0,0,0
423,The Pianist,2002-09-17,2002,2000s,Drama,Drama|War,en,15.489,8.37,10349,2.802693491918831,9.244741798693514,24,1,2,2000,Drama,0,0,0,0,0,1,0,0,0,0,0
1114513,Speak No Evil,2024-09-11,2024,2020s,Horror,Horror|Thriller,en,14.6138,7.101,2270,2.7481551385985146,7.7279755421055585,2,1,2,2020,Horror,0,0,0,0,0,0,1,0,0,0,0
1572,Die Hard: With a Vengeance,1995-05-19,1995,1990s,Action,Action|Thriller,en,14.3885,7.283,6778,2.7336204772137402,8.821584877430965,31,1,2,1990,Action,1,0,0,0,0,0,0,0,0,0,0
505026,Death on the Nile,2022-02-09,2022,2020s,Mystery,Mystery|Crime|Thriller,en,15.9689,6.407,4315,2.831382256874144,8.370084326378025,4,1,3,2020,Other,0,0,0,0,0,0,0,1,0,0,0
26466,Triangle,2009-10-16,2009,2000s,Horror,Horror,en,15.6606,6.91,3088,2.813046650495956,8.035602692918582,17,1,1,2000,Horror,0,0,0,0,0,0,1,0,0,0,0
1363974,That Time I Got Reincarnated as a Slime the Movie: Tears of the Azure Sea,2026-02-27,2026,2020s,Animation,Animation|Fantasy|Adventure|Comedy,ja,15.6462,8.2,53,2.8121819621501993,3.9889840465642745,0,0,4,2020,Animation,0,0,1,0,0,0,0,0,0,0,0
7345,There Will Be Blood,2007-12-26,2007,2000s,Drama,Drama,en,15.6144,8.065,7618,2.8102697892074695,8.93840040647301,19,1,1,2000,Drama,0,0,0,0,0,1,0,0,0,0,0
770,Gone with the Wind,1939-12-15,1939,1930s,Drama,Drama|War|Romance,en,15.6121,7.9,4445,2.8101313454951513,8.399760094524142,87,1,3,1930,Drama,0,0,0,0,0,1,0,0,0,0,0
75656,Now You See Me,2013-05-29,2013,2010s,Thriller,Thriller|Crime,en,15.5838,7.326,17026,2.8084263152440676,9.742555598420644,13,1,2,2010,Thriller,0,0,0,0,0,0,0,0,0,0,1
615173,The Witch: Part 2. The Other One,2022-06-15,2022,2020s,Action,Action|Mystery|Thriller|Science Fiction,ko,15.5731,7.43,465,2.8077808990337805,6.144185634125646,4,0,4,2020,Action,1,0,0,0,0,0,0,0,0,0,0
1387382,Hunting Season,2025-12-05,2025,2020s,Action,Action|Drama|Thriller,en,15.5727,7.421,417,2.8077567632458362,6.035481432524756,1,1,3,2020,Action,1,0,0,0,0,0,0,0,0,0,0
119450,Dawn of the Planet of the Apes,2014-07-08,2014,2010s,Science Fiction,Science Fiction|Action|Drama|Thriller,en,15.563,7.344,12418,2.8071712919700174,9.426982836948033,12,1,4,2010,Science Fiction,0,0,0,0,0,0,0,0,0,1,0
1408208,Exit 8,2025-08-03,2025,2020s,Horror,Horror|Mystery|Thriller,ja,15.5615,6.999,713,2.8070807245651643,6.570882962339584,1,0,3,2020,Horror,0,0,0,0,0,0,1,0,0,0,0
209112,Batman v Superman: Dawn of Justice,2016-03-23,2016,2010s,Action,Action|Adventure|Fantasy,en,15.543,6.009,19243,2.805963051624879,9.864954602819344,10,1,3,2010,Action,1,0,0,0,0,0,0,0,0,0,0
9738,Fantastic Four,2005-06-29,2005,2000s,Action,Action|Fantasy|Science Fiction,en,15.538,5.811,10149,2.805660763299975,9.225228984469933,21,1,3,2000,Action,1,0,0,0,0,0,0,0,0,0,0
810,Shrek the Third,2007-05-17,2007,2000s,Fantasy,Fantasy|Adventure|Animation|Comedy|Family,en,15.5337,6.314,9935,2.8054007222362114,9.20391980417326,19,1,5,2000,Other,0,0,0,0,0,0,0,1,0,0,0
50646,"Crazy, Stupid, Love.",2011-07-29,2011,2010s,Comedy,Comedy|Drama|Romance,en,15.5216,7.277,9442,2.804668615703193,9.15302900526307,15,1,3,2010,Comedy,0,0,0,1,0,0,0,0,0,0,0
766507,Prey,2022-08-02,2022,2020s,Thriller,Thriller|Action|Science Fiction,en,15.5148,7.65,7910,2.8042569485665783,8.976009475021396,4,1,3,2020,Thriller,0,0,0,0,0,0,0,0,0,0,1
74,War of the Worlds,2005-06-28,2005,2000s,Adventure,Adventure|Thriller|Science Fiction,en,15.5126,6.564,9412,2.804123725848274,9.14984699154722,21,1,3,2000,Adventure,0,1,0,0,0,0,0,0,0,0,0
259316,Fantastic Beasts and Where to Find Them,2016-11-16,2016,2010s,Fantasy,Fantasy|Adventure,en,15.4978,7.309,19893,2.8032270386835223,9.898173457712359,10,1,2,2010,Other,0,0,0,0,0,0,0,1,0,0,0
254128,San Andreas,2015-05-27,2015,2010s,Action,Action|Drama|Thriller,en,15.4594,6.25,9150,2.800896742579673,9.121618441915379,11,1,3,2010,Action,1,0,0,0,0,0,0,0,0,0,0
696806,The Adam Project,2022-03-11,2022,2020s,Adventure,Adventure|Science Fiction|Comedy,en,15.4316,6.989,5088,2.799206310144051,8.534836626588833,4,1,3,2020,Adventure,0,1,0,0,0,0,0,0,0,0,0
377,A Nightmare on Elm Street,1984-11-09,1984,1980s,Horror,Horror,en,15.43,7.349,5866,2.799108932049177,8.67709870892586,42,1,1,1980,Horror,0,0,0,0,0,0,1,0,0,0,0
242582,Nightcrawler,2014-10-23,2014,2010s,Crime,Crime|Drama|Thriller,en,15.0666,7.708,11942,2.776742583002243,9.387900611668426,12,1,3,2010,Crime,0,0,0,0,1,0,0,0,0,0,0
6435,Practical Magic,1998-10-16,1998,1990s,Romance,Romance|Fantasy|Comedy|Drama,en,15.0131,6.772,1778,2.773407137246838,7.483806687665835,28,1,4,1990,Romance,0,0,0,0,0,0,0,0,1,0,0
1927,Hulk,2003-06-19,2003,2000s,Science Fiction,Science Fiction|Adventure|Action|Drama,en,15.3275,5.593,6391,2.7928508027946752,8.76280248744611,23,1,4,2000,Science Fiction,0,0,0,0,0,0,0,0,0,1,0
568,Apollo 13,1995-06-30,1995,1990s,Drama,Drama|History,en,13.9803,7.462,6050,2.7067360045908115,8.707978826622321,31,1,2,1990,Drama,0,0,0,0,0,1,0,0,0,0,0
581528,"The Gangster, the Cop, the Devil",2019-05-15,2019,2010s,Action,Action|Crime|Thriller,ko,15.8329,7.875,1552,2.8233353047076015,7.347943823148687,7,0,3,2010,Action,1,0,0,0,0,0,0,0,0,0,0
13374,Ice Princess,2005-03-17,2005,2000s,Family,Family|Drama|Comedy,en,13.5571,6.4,955,2.6780788471062253,6.862757913051401,21,1,3,2000,Other,0,0,0,0,0,0,0,1,0,0,0
639988,No Other Choice,2025-09-24,2025,2020s,Comedy,Comedy|Crime|Thriller,ko,14.5728,7.5,1231,2.7455258026900924,7.116394144093465,1,0,3,2020,Comedy,0,0,0,1,0,0,0,0,0,0,0
537915,After,2019-04-11,2019,2010s,Drama,Drama|Romance,en,14.4324,7.1,8555,2.7364691954333953,9.054388070202297,7,1,2,2010,Drama,0,0,0,0,0,1,0,0,0,0,0
9820,The Parent Trap,1998-07-28,1998,1990s,Comedy,Comedy|Family|Romance,en,15.3937,7.216,4617,2.7968971146855823,8.43771698991444,28,1,3,1990,Comedy,0,0,0,1,0,0,0,0,0,0,0
937278,A Man Called Otto,2022-12-28,2022,2020s,Comedy,Comedy|Drama,en,15.0186,7.746,3712,2.77375054705987,8.21959545417708,4,1,2,2020,Comedy,0,0,0,1,0,0,0,0,0,0,0
853,Enemy at the Gates,2001-02-28,2001,2000s,War,War|History,en,14.1744,7.426,4136,2.7196097974488946,8.327726166461412,25,1,2,2000,Other,0,0,0,0,0,0,0,1,0,0,0
1383731,Protector,2026-02-20,2026,2020s,Action,Action|Thriller,en,15.3176,8.451,515,2.7922442798982225,6.246106765481563,0,1,2,2020,Action,1,0,0,0,0,0,0,0,0,0,0
9552,The Exorcist,1973-12-26,1973,1970s,Horror,Horror,en,15.2246,7.744,8805,2.786528608973467,9.0831885863157,53,1,1,1970,Horror,0,0,0,0,0,0,1,0,0,0,0
9837,The Prince of Egypt,1998-12-16,1998,1990s,Adventure,Adventure|Animation|Drama|Family,en,15.2081,7.3,4389,2.7855111172799893,8.387084506069217,28,1,4,1990,Adventure,0,1,0,0,0,0,0,0,0,0,0
12207,The Legend of Drunken Master,1994-02-03,1994,1990s,Action,Action|Comedy,cn,15.1958,7.458,1116,2.7847519493655875,7.018401799069201,32,0,2,1990,Action,1,0,0,0,0,0,0,0,0,0,0
1220564,The Secret Agent,2025-07-23,2025,2020s,Thriller,Thriller|Drama|Crime,pt,15.1905,7.2,818,2.7844246504739383,6.70808408385307,1,0,3,2020,Thriller,0,0,0,0,0,0,0,0,0,0,1
1214931,Nuremberg,2025-11-06,2025,2020s,History,History|Drama,en,15.1626,7.594,1341,2.782699931240475,7.201916317531627,1,1,2,2020,Other,0,0,0,0,0,0,0,1,0,0,0
311324,The Great Wall,2016-12-16,2016,2010s,Action,Action|Adventure|Fantasy,en,15.1504,6.032,5639,2.781944817163806,8.637639344492104,10,1,3,2010,Action,1,0,0,0,0,0,0,0,0,0,0
9479,The Nightmare Before Christmas,1993-10-09,1993,1990s,Fantasy,Fantasy|Animation|Family,en,15.1459,7.833,10496,2.7816661474691897,9.258844781035798,33,1,3,1990,Other,0,0,0,0,0,0,0,1,0,0,0
1252309,Tell Me What You Want,2024-11-29,2024,2020s,Romance,Romance|Drama,es,15.1291,6.1,313,2.7806250939282258,5.749392985908253,2,0,2,2020,Romance,0,0,0,0,0,0,0,0,1,0,0
760104,X,2022-03-17,2022,2020s,Horror,Horror,en,15.119,6.71,4084,2.779998700414794,8.315077007294104,4,1,1,2020,Horror,0,0,0,0,0,0,1,0,0,0,0
1259102,Eternity,2025-11-10,2025,2020s,Romance,Romance|Comedy|Drama,en,15.1134,7.092,797,2.7796512239590325,6.682108597449809,1,1,3,2020,Romance,0,0,0,0,0,0,0,0,1,0,0
399055,The Shape of Water,2017-12-01,2017,2010s,Drama,Drama|Fantasy|Romance,en,15.1025,7.234,13008,2.7789745394389085,9.473396704601559,9,1,3,2010,Drama,0,0,0,0,0,1,0,0,0,0,0
948,Halloween,1978-10-24,1978,1970s,Horror,Horror|Thriller,en,15.0943,7.559,6293,2.7784651720373477,8.747352077624353,48,1,2,1970,Horror,0,0,0,0,0,0,1,0,0,0,0
446893,Trolls World Tour,2020-03-11,2020,2020s,Family,Family|Animation|Comedy|Fantasy|Adventure|Music,en,15.0939,7.224,2304,2.7784403182089243,7.742835955430749,6,1,6,2020,Other,0,0,0,0,0,0,0,1,0,0,0
500,Reservoir Dogs,1992-09-02,1992,1990s,Crime,Crime|Thriller,en,15.0905,8.111,15711,2.7782290357234567,9.662180030594246,34,1,2,1990,Crime,0,0,0,0,1,0,0,0,0,0,0
1241436,Warfare,2025-04-09,2025,2020s,War,War|Action,en,15.0695,7.1,1569,2.7769230653885852,7.358830898342354,1,1,2,2020,Other,0,0,0,0,0,0,0,1,0,0,0
466420,Killers of the Flower Moon,2023-10-18,2023,2020s,Crime,Crime|History|Drama,en,15.0607,7.39,4277,2.7763752941191853,8.361240889642351,3,1,3,2020,Crime,0,0,0,0,1,0,0,0,0,0,0
1242011,Together,2025-07-14,2025,2020s,Horror,Horror|Romance,en,15.0161,6.902,1302,2.7735944663096164,7.172424577124845,1,1,2,2020,Horror,0,0,0,0,0,0,1,0,0,0,0
43347,Love & Other Drugs,2010-11-22,2010,2010s,Drama,Drama|Comedy|Romance,en,15.016,7.043,5692,2.7735882225728647,8.646992628951082,16,1,3,2010,Drama,0,0,0,0,0,1,0,0,0,0,0
613504,After We Collided,2020-09-02,2020,2020s,Drama,Drama|Romance,en,15.0069,7.15,5493,2.7730198792782255,8.611411866655219,6,1,2,2020,Drama,0,0,0,0,0,1,0,0,0,0,0
629542,The Bad Guys,2022-03-17,2022,2020s,Action,Action|Adventure|Animation|Comedy|Crime|Family,en,14.9951,7.513,2652,2.7722824253356735,7.88344635413774,4,1,6,2020,Action,1,0,0,0,0,0,0,0,0,0,0
1656220,23 000 Lives,2026-07-02,2026,2020s,Drama,Drama,de,14.9866,5.906,69,2.771750871340724,4.248495242049359,0,0,1,2020,Drama,0,0,0,0,0,1,0,0,0,0,0
138103,The Expendables 3,2014-08-07,2014,2010s,Action,Action|Adventure|Thriller,en,14.9648,6.202,5421,2.7703862986845813,8.598220030058611,12,1,3,2010,Action,1,0,0,0,0,0,0,0,0,0,0
745,The Sixth Sense,1999-08-06,1999,1990s,Mystery,Mystery|Thriller|Drama,en,14.9617,7.955,13134,2.7701921026399323,9.48303570211964,27,1,3,1990,Other,0,0,0,0,0,0,0,1,0,0,0
360920,The Grinch,2018-11-08,2018,2010s,Animation,Animation|Comedy|Family|Fantasy,en,14.921,6.862,4493,2.7676389925138674,8.410498452745275,8,1,4,2010,Animation,0,0,1,0,0,0,0,0,0,0,0
12092,Alice in Wonderland,1951-08-09,1951,1950s,Animation,Animation|Family|Fantasy|Adventure,en,14.8879,7.189,6345,2.7655578132246004,8.75557997214314,75,1,4,1950,Animation,0,0,1,0,0,0,0,0,0,0,0
62177,Brave,2012-06-21,2012,2010s,Adventure,Adventure|Animation|Family|Fantasy,en,14.8847,7.034,14366,2.7653563818018765,9.572689189010719,14,1,4,2010,Adventure,0,1,0,0,0,0,0,0,0,0,0
9487,A Bug's Life,1998-11-25,1998,1990s,Adventure,Adventure|Animation|Comedy|Family,en,14.869,6.982,9854,2.7643675205807052,9.19573421958682,28,1,4,1990,Adventure,0,1,0,0,0,0,0,0,0,0,0
190859,American Sniper,2014-12-25,2014,2010s,War,War|Action,en,14.8416,7.41,13812,2.762639391386113,9.53336545669996,12,1,2,2010,Other,0,0,0,0,0,0,0,1,0,0,0
1018,Mulholland Drive,2001-06-06,2001,2000s,Thriller,Thriller|Drama|Mystery,en,14.8371,7.798,7205,2.762355288816862,8.882669291308039,25,1,3,2000,Thriller,0,0,0,0,0,0,0,0,0,0,1
1011477,Karate Kid: Legends,2025-05-08,2025,2020s,Action,Action|Adventure|Drama,en,14.8247,6.971,1261,2.7615720105045756,7.140453043101158,1,1,3,2020,Action,1,0,0,0,0,0,0,0,0,0,0
1895,Star Wars: Episode III - Revenge of the Sith,2005-05-17,2005,2000s,Adventure,Adventure|Action|Science Fiction,en,14.8227,7.473,15190,2.7614456178149602,9.628458426207663,21,1,3,2000,Adventure,0,1,0,0,0,0,0,0,0,0,0
10625,Mean Girls,2004-04-30,2004,2000s,Drama,Drama|Comedy,en,14.767,7.227,9604,2.7579191482553447,9.170039075202657,22,1,2,2000,Drama,0,0,0,0,0,1,0,0,0,0,0
1954,The Butterfly Effect,2004-01-17,2004,2000s,Science Fiction,Science Fiction|Thriller,en,14.7626,7.579,8420,2.7576400454422063,9.038483865029992,22,1,2,2000,Science Fiction,0,0,0,0,0,0,0,0,0,1,0
384018,Fast & Furious Presents: Hobbs & Shaw,2019-07-31,2019,2010s,Action,Action|Adventure|Comedy,en,14.7596,6.824,7877,2.7574497033969774,8.971829343530851,7,1,3,2010,Action,1,0,0,0,0,0,0,0,0,0,0
194,Amélie,2001-04-25,2001,2000s,Comedy,Comedy|Romance,fr,14.7561,7.92,12568,2.7572275918770437,9.438988743924838,25,0,2,2000,Comedy,0,0,0,1,0,0,0,0,0,0,0
787,Mr. & Mrs. Smith,2005-06-07,2005,2000s,Action,Action|Comedy|Drama|Thriller,en,14.7418,6.693,11397,2.7563195947735872,9.341193180394946,21,1,4,2000,Action,1,0,0,0,0,0,0,0,0,0,0
8689,Cannibal Holocaust,1980-02-07,1980,1980s,Horror,Horror,it,14.729,6.256,1920,2.7555061422585054,7.560601162768557,46,0,1,1980,Horror,0,0,0,0,0,0,1,0,0,0,0
318846,The Big Short,2015-12-11,2015,2010s,Comedy,Comedy|Drama,en,14.7269,7.4,10000,2.7553726219966075,9.210440366976517,11,1,2,2010,Comedy,0,0,0,1,0,0,0,0,0,0,0
1182047,The Apprentice,2024-10-09,2024,2020s,History,History|Drama|Comedy,en,14.7221,6.848,1013,2.7550673658652665,6.921658184151129,2,1,3,2020,Other,0,0,0,0,0,0,0,1,0,0,0
966,The Magnificent Seven,1960-10-12,1960,1960s,Western,Western|Action|Adventure|Drama,en,14.7185,7.5,2031,2.754838362600969,7.616775808698373,66,1,4,1960,Other,0,0,0,0,0,0,0,1,0,0,0
378064,A Silent Voice: The Movie,2016-09-17,2016,2010s,Animation,Animation|Drama|Romance,ja,14.7137,8.393,4631,2.754532943315185,8.440744019252831,10,0,3,2010,Animation,0,0,1,0,0,0,0,0,0,0,0
346,Seven Samurai,1954-04-26,1954,1950s,Action,Action|Drama,ja,14.6782,8.452,4325,2.752271212414339,8.372398606513004,72,0,2,1950,Action,1,0,0,0,0,0,0,0,0,0,0
170,28 Days Later,2002-10-31,2002,2000s,Horror,Horror|Thriller|Science Fiction,en,14.6584,7.245,8764,2.751007514206177,9.078521797355334,24,1,3,2000,Horror,0,0,0,0,0,0,1,0,0,0,0
374720,Dunkirk,2017-07-19,2017,2010s,War,War|Action|Drama,en,14.6506,7.449,17828,2.7505092549094017,9.788581624034771,9,1,3,2010,Other,0,0,0,0,0,0,0,1,0,0,0
37724,Skyfall,2012-10-24,2012,2010s,Action,Action|Adventure|Thriller,en,14.639,7.265,16315,2.7497677944540784,9.699901500437448,14,1,3,2010,Action,1,0,0,0,0,0,0,0,0,0,0
297761,Suicide Squad,2016-08-03,2016,2010s,Action,Action|Adventure|Fantasy,en,14.6307,5.917,22329,2.749236929099123,10.013686344834204,10,1,3,2010,Action,1,0,0,0,0,0,0,0,0,0,0
11852,The Hot Chick,2002-12-13,2002,2000s,Comedy,Comedy|Fantasy,en,14.6047,6.356,2234,2.74757215093045,7.711996507047669,24,1,2,2000,Comedy,0,0,0,1,0,0,0,0,0,0,0
602,Independence Day,1996-07-02,1996,1990s,Action,Action|Adventure|Science Fiction,en,14.599,6.916,10639,2.7472068096367317,9.272375762895635,30,1,3,1990,Action,1,0,0,0,0,0,0,0,0,0,0
870028,The Accountant²,2025-04-23,2025,2020s,Mystery,Mystery|Crime|Thriller,en,14.589,7.074,1887,2.746565537330544,7.543273346705446,1,1,3,2020,Other,0,0,0,0,0,0,0,1,0,0,0
520763,A Quiet Place Part II,2021-05-21,2021,2020s,Science Fiction,Science Fiction|Thriller|Horror,en,14.5854,7.429,7561,2.7463345785941446,8.930890984450878,5,1,3,2020,Science Fiction,0,0,0,0,0,0,0,0,0,1,0
10637,Remember the Titans,2000-09-29,2000,2000s,Drama,Drama,en,14.5736,7.7,3021,2.7455771729929315,8.013674142832684,26,1,1,2000,Drama,0,0,0,0,0,1,0,0,0,0,0
1124566,Sentimental Value,2025-08-20,2025,2020s,Drama,Drama|Comedy,no,14.5635,7.4,1042,2.7449284291886444,6.949856455000773,1,0,2,2020,Drama,0,0,0,0,0,1,0,0,0,0,0
109428,Evil Dead,2013-04-05,2013,2010s,Horror,Horror,en,14.5551,6.656,5292,2.7443885591299644,8.574140471857987,13,1,1,2010,Horror,0,0,0,0,0,0,1,0,0,0,0
176,Saw,2004-10-01,2004,2000s,Horror,Horror|Mystery|Crime,en,14.5334,7.427,10252,2.7429925442997742,9.235325624670091,22,1,3,2000,Horror,0,0,0,0,0,0,1,0,0,0,0
41630,No Strings Attached,2011-01-21,2011,2010s,Comedy,Comedy|Romance,en,14.5225,6.293,5051,2.742290584256911,8.527539483470381,15,1,2,2010,Comedy,0,0,0,1,0,0,0,0,0,0,0
812,Aladdin,1992-11-25,1992,1990s,Animation,Animation|Family|Adventure|Fantasy|Romance,en,14.4903,7.657,12190,2.7402140215749964,9.408453253565146,34,1,5,1990,Animation,0,0,1,0,0,0,0,0,0,0,0
1144107,The Legend of Hei 2,2025-07-18,2025,2020s,Animation,Animation|Fantasy|Action|Adventure,zh,14.4753,8.84,106,2.739245204489375,4.672828834461906,1,0,4,2020,Animation,0,0,1,0,0,0,0,0,0,0,0
11970,Hercules,1997-06-13,1997,1990s,Animation,Animation|Family|Fantasy|Adventure|Comedy|Romance,en,14.4681,7.5,8052,2.7387798386840703,8.993799971795545,29,1,6,1990,Animation,0,0,1,0,0,0,0,0,0,0,0
270303,It Follows,2015-02-04,2015,2010s,Horror,Horror|Mystery,en,14.4653,6.578,7080,2.7385988045909766,8.865170419651774,11,1,2,2010,Horror,0,0,0,0,0,0,1,0,0,0,0
431693,Spies in Disguise,2019-12-04,2019,2010s,Animation,Animation|Action|Adventure|Comedy|Family,en,14.4582,7.543,3028,2.738139606885364,8.015987811027237,7,1,5,2010,Animation,0,0,1,0,0,0,0,0,0,0,0
9532,Final Destination,2000-03-17,2000,2000s,Horror,Horror,en,14.4552,6.642,6874,2.737945516296207,8.835646922534773,26,1,1,2000,Horror,0,0,0,0,0,0,1,0,0,0,0
752,V for Vendetta,2006-02-23,2006,2000s,Action,Action|Thriller|Science Fiction,en,14.4134,7.9,15821,2.735237260946174,9.669156655581341,20,1,3,2000,Action,1,0,0,0,0,0,0,0,0,0,0
27578,The Expendables,2010-08-07,2010,2010s,Thriller,Thriller|Adventure|Action,en,14.3941,6.252,8414,2.7339843191284436,9.037771106624906,16,1,3,2010,Thriller,0,0,0,0,0,0,0,0,0,0,1
20526,TRON: Legacy,2010-12-14,2010,2010s,Adventure,Adventure|Action|Science Fiction,en,14.3753,6.546,8080,2.732762325697343,8.997270906233448,16,1,3,2010,Adventure,0,1,0,0,0,0,0,0,0,0,0
600,Full Metal Jacket,1987-06-26,1987,1980s,Drama,Drama|War,en,15.8808,8.119,11659,2.82617688140971,9.363919459904483,39,1,2,1980,Drama,0,0,0,0,0,1,0,0,0,0,0
166426,Pirates of the Caribbean: Dead Men Tell No Tales,2017-05-23,2017,2010s,Adventure,Adventure|Action|Fantasy,en,14.166,6.664,12983,2.719056080278744,9.471473109194427,9,1,3,2010,Adventure,0,1,0,0,0,0,0,0,0,0,0
934433,Scream VI,2023-03-08,2023,2020s,Horror,Horror|Thriller|Crime,en,13.5674,6.93,3287,2.678786155415684,8.098034756176071,3,1,3,2020,Horror,0,0,0,0,0,0,1,0,0,0,0
4982,American Gangster,2007-11-02,2007,2000s,Drama,Drama|Crime,en,13.2681,7.592,6156,2.658026276162861,8.72534492491121,19,1,2,2000,Drama,0,0,0,0,0,1,0,0,0,0,0
889737,Joker: Folie à Deux,2024-10-01,2024,2020s,Drama,Drama|Crime|Thriller,en,15.2813,5.4,3025,2.7900172099661993,8.014996894348302,2,1,3,2020,Drama,0,0,0,0,0,1,0,0,0,0,0
567,Rear Window,1954-08-01,1954,1950s,Thriller,Thriller|Mystery|Drama,en,14.0413,8.337,7297,2.710799750956516,8.895355616996392,72,1,3,1950,Thriller,0,0,0,0,0,0,0,0,0,0,1
746036,The Fall Guy,2024-04-24,2024,2020s,Action,Action|Comedy|Romance,en,12.8318,6.95,3963,2.626970289051468,8.285008895449879,2,1,3,2020,Action,1,0,0,0,0,0,0,0,0,0,0
913290,Barbarian,2022-09-08,2022,2020s,Horror,Horror|Mystery|Thriller,en,14.2894,6.9,3423,2.727159777836804,8.138564737261632,4,1,3,2020,Horror,0,0,0,0,0,0,1,0,0,0,0
335797,Sing,2016-11-23,2016,2010s,Animation,Animation|Comedy|Family|Music,en,13.3484,7.1,8535,2.6636384377313975,9.05204779298159,10,1,4,2010,Animation,0,0,1,0,0,0,0,0,0,0,0
80278,The Impossible,2012-09-09,2012,2010s,Drama,Drama|Thriller|History,en,14.1056,7.375,6799,2.715065535996115,8.824677891164198,14,1,3,2010,Drama,0,0,0,0,0,1,0,0,0,0,0
1043197,Dust Bunny,2025-12-11,2025,2020s,Fantasy,Fantasy|Action|Horror,en,12.8401,6.655,376,2.6275701755969463,5.932245187448011,1,1,3,2020,Other,0,0,0,0,0,0,0,1,0,0,0
458156,John Wick: Chapter 3 - Parabellum,2019-05-15,2019,2010s,Action,Action|Thriller|Crime,en,14.3285,7.439,11967,2.729713840738236,9.389991700214258,7,1,3,2010,Action,1,0,0,0,0,0,0,0,0,0,0
460465,Mortal Kombat,2021-04-07,2021,2020s,Action,Action|Fantasy|Adventure,en,13.5379,7.041,6982,2.676759032513542,8.851233902846035,5,1,3,2020,Action,1,0,0,0,0,0,0,0,0,0,0
7512,Idiocracy,2006-09-01,2006,2000s,Comedy,Comedy|Science Fiction|Adventure|Thriller,en,13.4331,6.381,3730,2.6695241799279037,8.224431573221159,20,1,4,2000,Comedy,0,0,0,1,0,0,0,0,0,0,0
882569,Guy Ritchie's The Covenant,2023-04-19,2023,2020s,War,War|Action|Thriller,en,13.8721,7.713,3290,2.6994869744417223,8.098946748943339,3,1,3,2020,Other,0,0,0,0,0,0,0,1,0,0,0
884605,No Hard Feelings,2023-06-15,2023,2020s,Comedy,Comedy|Romance,en,13.792,6.674,3980,2.6940864940848237,8.289288323000317,3,1,2,2020,Comedy,0,0,0,1,0,0,0,0,0,0,0
605,The Matrix Revolutions,2003-11-05,2003,2000s,Adventure,Adventure|Action|Thriller|Science Fiction,en,14.3401,6.757,11027,2.730470314822686,9.308192772143688,23,1,4,2000,Adventure,0,1,0,0,0,0,0,0,0,0,0
764,The Evil Dead,1982-05-25,1982,1980s,Horror,Horror,en,14.2158,7.268,4644,2.722334361657765,8.443546651247939,44,1,1,1980,Horror,0,0,0,0,0,0,1,0,0,0,0
11688,The Emperor's New Groove,2000-12-15,2000,2000s,Adventure,Adventure|Animation|Comedy|Family|Fantasy,en,16.7112,7.566,7414,2.874197207827878,8.911260254572033,26,1,5,2000,Adventure,0,1,0,0,0,0,0,0,0,0,0
792307,Poor Things,2023-12-07,2023,2020s,Science Fiction,Science Fiction|Romance|Comedy,en,14.0525,7.633,5666,2.711544090356466,8.64241515616962,3,1,3,2020,Science Fiction,0,0,0,0,0,0,0,0,0,1,0
12230,One Hundred and One Dalmatians,1961-01-25,1961,1960s,Adventure,Adventure|Animation|Comedy|Family,en,11.3496,7.177,6743,2.5136236738854945,8.81640849968169,65,1,4,1960,Adventure,0,1,0,0,0,0,0,0,0,0,0
3782,Ikiru,1952-10-09,1952,1950s,Drama,Drama,ja,13.3562,8.308,1380,2.6641819046455493,7.2305631534092925,74,0,1,1950,Drama,0,0,0,0,0,1,0,0,0,0,0
930564,Saltburn,2023-11-16,2023,2020s,Drama,Drama|Comedy|Thriller,en,13.2121,6.939,3053,2.654093714441372,8.024207485778577,3,1,3,2020,Drama,0,0,0,0,0,1,0,0,0,0,0
138832,We're the Millers,2013-08-07,2013,2010s,Comedy,Comedy|Crime,en,13.7992,6.838,9594,2.6945731252550424,9.1689974084418,13,1,2,2010,Comedy,0,0,0,1,0,0,0,0,0,0,0
1167307,David,2025-12-14,2025,2020s,Animation,Animation|Family|Drama|History|Adventure,en,14.279,8.008,180,2.726479336570577,5.198497031265826,1,1,5,2020,Animation,0,0,1,0,0,0,0,0,0,0,0
602269,The Little Things,2021-01-28,2021,2020s,Drama,Drama|Crime|Thriller,en,14.1712,6.356,2889,2.7193988937256623,7.969011781106478,5,1,3,2020,Drama,0,0,0,0,0,1,0,0,0,0,0
4951,10 Things I Hate About You,1999-03-30,1999,1990s,Comedy,Comedy|Romance|Drama,en,14.3417,7.596,9073,2.730574611180882,9.113168460223909,27,1,3,1990,Comedy,0,0,0,1,0,0,0,0,0,0,0
1159831,The Bride!,2026-03-04,2026,2020s,Science Fiction,Science Fiction|Horror|Fantasy,en,14.0261,6.108,622,2.7097886890559297,6.434546518787453,0,1,3,2020,Science Fiction,0,0,0,0,0,0,0,0,0,1,0
57158,The Hobbit: The Desolation of Smaug,2013-12-11,2013,2010s,Fantasy,Fantasy|Adventure|Action,en,13.7559,7.583,14451,2.691643002807156,9.57858809226753,13,1,3,2010,Other,0,0,0,0,0,0,0,1,0,0,0
1271,300,2007-03-07,2007,2000s,Action,Action|Adventure|War,en,14.0253,7.208,14986,2.7097354469440686,9.614938437644996,19,1,3,2000,Action,1,0,0,0,0,0,0,0,0,0,0
799583,The Ministry of Ungentlemanly Warfare,2024-04-18,2024,2020s,Action,Action|Comedy|War,en,14.0043,6.996,2001,2.7083368266878387,7.601901959875166,2,1,3,2020,Action,1,0,0,0,0,0,0,0,0,0,0
14,American Beauty,1999-09-15,1999,1990s,Drama,Drama,en,13.9598,7.999,13242,2.705366603473008,9.491224389926964,27,1,1,1990,Drama,0,0,0,0,0,1,0,0,0,0,0
19994,Jennifer's Body,2009-09-18,2009,2000s,Horror,Horror|Comedy,en,13.9498,5.999,4345,2.704697921820789,8.377011160816375,17,1,2,2000,Horror,0,0,0,0,0,0,1,0,0,0,0
417859,Puss in Boots,2011-10-27,2011,2010s,Action,Action|Adventure|Animation|Comedy|Family,en,13.936,6.616,4708,2.7037744062394213,8.457230850243555,15,1,5,2010,Action,1,0,0,0,0,0,0,0,0,0,0
467905,How to Make a Killing,2026-02-16,2026,2020s,Comedy,Comedy|Thriller,en,13.9204,7.0,690,2.7027294040677172,6.53813982376767,0,1,2,2020,Comedy,0,0,0,1,0,0,0,0,0,0,0
6479,I Am Legend,2007-12-12,2007,2000s,Drama,Drama|Science Fiction|Thriller,en,13.9109,7.223,17189,2.7020924891279625,9.752083098376895,19,1,3,2000,Drama,0,0,0,0,0,1,0,0,0,0,0
974576,Conclave,2024-10-25,2024,2020s,Drama,Drama|Thriller,en,13.91,7.191,3543,2.702032128776647,8.173011311724972,2,1,2,2020,Drama,0,0,0,0,0,1,0,0,0,0,0
8681,Taken,2008-02-18,2008,2000s,Action,Action|Thriller,en,13.9041,7.408,12285,2.701636342884937,9.416215681723873,18,1,2,2000,Action,1,0,0,0,0,0,0,0,0,0,0
8355,Ice Age: Dawn of the Dinosaurs,2009-06-26,2009,2000s,Animation,Animation|Comedy|Family|Adventure,en,13.8958,6.775,9005,2.7010792940213753,9.105646300861517,17,1,4,2000,Animation,0,0,1,0,0,0,0,0,0,0,0
264660,Ex Machina,2015-01-21,2015,2010s,Drama,Drama|Science Fiction,en,13.8899,7.571,14489,2.700683130756643,9.581214035314728,11,1,2,2010,Drama,0,0,0,0,0,1,0,0,0,0,0
316029,The Greatest Showman,2017-12-20,2017,2010s,Drama,Drama,en,13.8835,7.854,10181,2.7002532167999855,9.228376734462282,9,1,1,2010,Drama,0,0,0,0,0,1,0,0,0,0,0
1397385,Little Brother,2026-06-18,2026,2020s,Comedy,Comedy,en,13.8491,6.449,336,2.697939257351481,5.820082930352362,0,1,1,2020,Comedy,0,0,0,1,0,0,0,0,0,0,0
758009,Shotgun Wedding,2022-12-28,2022,2020s,Action,Action|Comedy|Romance,en,13.7896,6.227,1333,2.6939242310560987,7.195937226475569,4,1,3,2020,Action,1,0,0,0,0,0,0,0,0,0,0
9286,Final Destination 3,2006-02-09,2006,2000s,Horror,Horror|Mystery,en,13.7874,6.156,4691,2.6937754668133387,8.453614209773367,20,1,2,2000,Horror,0,0,0,0,0,0,1,0,0,0,0
166424,Fantastic Four,2015-08-05,2015,2010s,Action,Action|Adventure|Science Fiction,en,13.7859,4.432,6501,2.693674023957703,8.779865100863852,11,1,3,2010,Action,1,0,0,0,0,0,0,0,0,0,0
1317672,Love Me Love Me,2026-02-12,2026,2020s,Romance,Romance|Drama,en,13.7817,6.076,303,2.6933899292034282,5.717027701406222,0,1,2,2020,Romance,0,0,0,0,0,0,0,0,1,0,0
18240,The Proposal,2009-06-02,2009,2000s,Comedy,Comedy|Romance|Drama,en,13.7685,7.177,7700,2.6924965341754437,8.94910546953925,17,1,3,2000,Comedy,0,0,0,1,0,0,0,0,0,0,0
616,The Last Samurai,2003-12-05,2003,2000s,Drama,Drama|Action|War,en,13.7655,7.613,7703,2.692293378489772,8.949494953477961,23,1,3,2000,Drama,0,0,0,0,0,1,0,0,0,0,0
7451,xXx,2002-08-09,2002,2000s,Action,Action|Adventure|Thriller|Crime|Drama,en,13.7602,5.991,4993,2.6919343692160256,8.515992470839718,24,1,5,2000,Action,1,0,0,0,0,0,0,0,0,0,0
1241983,Train Dreams,2025-11-05,2025,2020s,Drama,Drama|Western,en,13.7545,7.304,1134,2.691548121002704,7.034387929915503,1,1,2,2020,Drama,0,0,0,0,0,1,0,0,0,0,0
9358,Final Destination 2,2003-01-31,2003,2000s,Horror,Horror|Mystery,en,13.7406,6.318,4983,2.690605591495835,8.51398806046729,23,1,2,2000,Horror,0,0,0,0,0,0,1,0,0,0,0
1007734,Nobody 2,2025-08-13,2025,2020s,Action,Action|Thriller|Comedy|Crime,en,13.7341,6.912,1759,2.6901645352608017,7.473069088032197,1,1,4,2020,Action,1,0,0,0,0,0,0,0,0,0,0
109418,Grown Ups 2,2013-07-11,2013,2010s,Comedy,Comedy,en,13.7286,6.187,4782,2.689791181829929,8.472823243680297,13,1,1,2010,Comedy,0,0,0,1,0,0,0,0,0,0,0
101299,The Hunger Games: Catching Fire,2013-11-15,2013,2010s,Adventure,Adventure|Action|Science Fiction,en,13.7209,7.427,18672,2.6892682527360248,9.83483390921908,13,1,3,2010,Adventure,0,1,0,0,0,0,0,0,0,0,0
947,Lawrence of Arabia,1962-12-11,1962,1960s,Adventure,Adventure|History|War,en,13.719,8.001,3530,2.6891391762104497,8.169336395928386,64,1,3,1960,Adventure,0,1,0,0,0,0,0,0,0,0,0
573435,Bad Boys: Ride or Die,2024-06-05,2024,2020s,Action,Action|Comedy|Crime,en,13.7137,7.312,3432,2.688779032556807,8.141189793457691,2,1,3,2020,Action,1,0,0,0,0,0,0,0,0,0,0
467244,The Zone of Interest,2023-12-15,2023,2020s,Drama,Drama|History|War,en,13.7118,7.011,2707,2.6886498928648637,7.903965634032166,3,1,3,2020,Drama,0,0,0,0,0,1,0,0,0,0,0
718930,Bullet Train,2022-08-03,2022,2020s,Action,Action|Comedy|Thriller,en,13.7072,7.409,7801,2.6883371697921903,8.962135390066601,4,1,3,2020,Action,1,0,0,0,0,0,0,0,0,0,0
402,Basic Instinct,1992-03-20,1992,1990s,Thriller,Thriller|Mystery,en,13.7003,6.949,4476,2.687867901739712,8.406708458240965,34,1,2,1990,Thriller,0,0,0,0,0,0,0,0,0,0,1
522627,The Gentlemen,2020-01-01,2020,2020s,Action,Action|Comedy|Crime,en,13.6964,7.656,6779,2.687602565833105,8.821732380934442,6,1,3,2020,Action,1,0,0,0,0,0,0,0,0,0,0
2059,National Treasure,2004-11-19,2004,2000s,Adventure,Adventure|Action|Mystery,en,13.691,6.653,7000,2.6872350613882903,8.853808274977197,22,1,3,2000,Adventure,0,1,0,0,0,0,0,0,0,0,0
8741,The Thin Red Line,1998-12-23,1998,1990s,Drama,Drama|History|War,en,13.6706,7.44,3384,2.6858454911140175,8.127109185346375,28,1,3,1990,Drama,0,0,0,0,0,1,0,0,0,0,0
168259,Furious 7,2015-04-01,2015,2010s,Action,Action|Crime|Thriller,en,13.663,7.214,11432,2.685327313994942,9.34425918954197,11,1,3,2010,Action,1,0,0,0,0,0,0,0,0,0,0
